"","SampleId","HLAA_major_ABS","HLAA_minor_ABS","HLAA_LOH_ABS","HLAB_major_ABS","HLAB_minor_ABS","HLAB_LOH_ABS","HLAC_major_ABS","HLAC_minor_ABS","HLAC_LOH_ABS","TP53_major_ABS","TP53_minor_ABS","TP53_LOH_ABS","HLAA_major_PCN","HLAA_minor_PCN","HLAA_LOH_PCN","HLAB_major_PCN","HLAB_minor_PCN","HLAB_LOH_PCN","HLAC_major_PCN","HLAC_minor_PCN","HLAC_LOH_PCN","TP53_major_PCN","TP53_minor_PCN","TP53_LOH_PCN","Kit","Sample"
"1","TCGA-09-2045-01",NA,NA,NA,NA,NA,NA,NA,NA,NA,1,0,TRUE,1,1,FALSE,1,1,FALSE,1,1,FALSE,1,0,TRUE,"931070","OV"
"2","TCGA-09-2049-01",2,2,FALSE,2,2,FALSE,2,2,FALSE,2,0,TRUE,3,2,FALSE,3,2,FALSE,2,1,FALSE,2,0,TRUE,"931070","OV"
"3","TCGA-09-2050-01",2,1,FALSE,2,1,FALSE,2,1,FALSE,1,0,TRUE,2,1,FALSE,2,1,FALSE,2,1,FALSE,1,0,TRUE,"931070","OV"
"4","TCGA-09-2051-01",2,2,FALSE,2,2,FALSE,2,2,FALSE,4,0,TRUE,3,2,FALSE,3,2,FALSE,3,2,FALSE,5,0,TRUE,"931070","OV"
"5","TCGA-09-2053-01",NA,NA,NA,NA,NA,NA,NA,NA,NA,1,0,TRUE,1,1,FALSE,1,1,FALSE,1,1,FALSE,1,0,TRUE,"931070","OV"
"6","TCGA-09-2055-01",2,1,FALSE,2,1,FALSE,2,1,FALSE,1,0,TRUE,2,1,FALSE,2,1,FALSE,2,1,FALSE,1,0,TRUE,"931070","OV"
"7","TCGA-09-2056-01",1,0,TRUE,1,0,TRUE,1,0,TRUE,1,0,TRUE,1,0,TRUE,1.4317012248844,0,TRUE,1,0,TRUE,1,0,TRUE,"931070","OV"
"8","TCGA-10-0934-01",NA,NA,NA,NA,NA,NA,NA,NA,NA,NA,NA,NA,1,1,FALSE,1,1,FALSE,1,1,FALSE,1,1,FALSE,"931070","OV"
"9","TCGA-13-0751-01",3,1,FALSE,NA,NA,NA,NA,NA,NA,3,0,TRUE,3,1,FALSE,3,1,FALSE,3,1,FALSE,3,0,TRUE,"931070","OV"
"10","TCGA-13-0757-01",3,1,FALSE,3,1,FALSE,3,1,FALSE,3,0,TRUE,3,1,FALSE,3,1,FALSE,3,1,FALSE,3,0,TRUE,"931070","OV"
"11","TCGA-13-1500-01",NA,NA,NA,NA,NA,NA,NA,NA,NA,1,0,TRUE,1,1,FALSE,1,1,FALSE,1,1,FALSE,1,0,TRUE,"931070","OV"
"12","TCGA-13-2060-01",3,1,FALSE,3,1,FALSE,3,1,FALSE,4,0,TRUE,3,1,FALSE,3,1,FALSE,3,1,FALSE,4,0,TRUE,"931070","OV"
"13","TCGA-23-2072-01",NA,NA,NA,NA,NA,NA,NA,NA,NA,2,0,TRUE,2,1,FALSE,1,1,FALSE,1,1,FALSE,2,0,TRUE,"931070","OV"
"14","TCGA-23-2077-01",5,3,FALSE,5,3,FALSE,5,3,FALSE,7,0,TRUE,2,1,FALSE,2,1,FALSE,2,1,FALSE,3,0,TRUE,"931070","OV"
"15","TCGA-23-2078-01",1,0,TRUE,1,0,TRUE,1,0,TRUE,1,0,TRUE,2,0,TRUE,1,0,TRUE,1,0,TRUE,2,0,TRUE,"931070","OV"
"16","TCGA-23-2079-01",5,0,TRUE,5,0,TRUE,5,0,TRUE,2,0,TRUE,5,0,TRUE,5,0,TRUE,5,0,TRUE,2,0,TRUE,"931070","OV"
"17","TCGA-23-2081-01",NA,NA,NA,NA,NA,NA,NA,NA,NA,1,0,TRUE,1,1,FALSE,1,1,FALSE,1,1,FALSE,1,0,TRUE,"931070","OV"
"18","TCGA-23-2084-01",2,1,FALSE,2,1,FALSE,2,1,FALSE,2,0,TRUE,2,1,FALSE,2,1,FALSE,2,1,FALSE,2,0,TRUE,"931070","OV"
"19","TCGA-24-1927-01",NA,NA,NA,NA,NA,NA,NA,NA,NA,1,0,TRUE,1,1,FALSE,1,1,FALSE,1,1,FALSE,1,0,TRUE,"931070","OV"
"20","TCGA-24-2019-01",2,0,TRUE,2,0,TRUE,2,0,TRUE,2,0,TRUE,2,0,TRUE,2,0,TRUE,2,0,TRUE,2,0,TRUE,"931070","OV"
"21","TCGA-24-2024-01",NA,NA,NA,NA,NA,NA,NA,NA,NA,2,0,TRUE,1,1,FALSE,1,1,FALSE,1,1,FALSE,2,0,TRUE,"931070","OV"
"22","TCGA-24-2030-01",2,1,FALSE,2,1,FALSE,2,1,FALSE,2,0,TRUE,2,1,FALSE,2,1,FALSE,2,1,FALSE,2,0,TRUE,"931070","OV"
"23","TCGA-24-2033-01",2,2,FALSE,2,2,FALSE,2,2,FALSE,2,0,TRUE,2,2,FALSE,2,2,FALSE,2,2,FALSE,2,0,TRUE,"931070","OV"
"24","TCGA-24-2035-01",1,0,TRUE,1,0,TRUE,1,0,TRUE,1,0,TRUE,1,0,TRUE,1,0,TRUE,1,0,TRUE,1,0,TRUE,"931070","OV"
"25","TCGA-24-2036-01",2,1,FALSE,2,1,FALSE,2,1,FALSE,1,0,TRUE,2,1,FALSE,2,1,FALSE,2,1,FALSE,1,0,TRUE,"931070","OV"
"26","TCGA-24-2038-01",NA,NA,NA,NA,NA,NA,NA,NA,NA,NA,NA,NA,1,1,FALSE,1,1,FALSE,1,1,FALSE,1,1,FALSE,"931070","OV"
"27","TCGA-24-2254-01",2,1,FALSE,2,1,FALSE,2,1,FALSE,2,0,TRUE,2,1,FALSE,2,1,FALSE,2,1,FALSE,2,0,TRUE,"931070","OV"
"28","TCGA-24-2260-01",3,2,FALSE,NA,NA,NA,NA,NA,NA,4,0,TRUE,3,1,FALSE,2,1,FALSE,2,1,FALSE,4,0,TRUE,"931070","OV"
"29","TCGA-24-2261-01",2,2,FALSE,2,2,FALSE,2,2,FALSE,2,0,TRUE,2,2,FALSE,2,2,FALSE,2,2,FALSE,2,0,TRUE,"931070","OV"
"30","TCGA-24-2262-01",NA,NA,NA,NA,NA,NA,NA,NA,NA,2,0,TRUE,1,1,FALSE,1,1,FALSE,1,1,FALSE,2,0,TRUE,"931070","OV"
"31","TCGA-24-2267-01",4,0,TRUE,NA,NA,NA,NA,NA,NA,2,0,TRUE,4,0,TRUE,2,0,TRUE,2,0,TRUE,2,0,TRUE,"931070","OV"
"32","TCGA-24-2271-01",1,0,TRUE,1,0,TRUE,1,0,TRUE,1,0,TRUE,1,0,TRUE,1,0,TRUE,1,0,TRUE,1,0,TRUE,"931070","OV"
"33","TCGA-24-2280-01",4,2,FALSE,4,2,FALSE,4,2,FALSE,2,0,TRUE,4,2,FALSE,4,2,FALSE,4,2,FALSE,2,0,TRUE,"931070","OV"
"34","TCGA-24-2281-01",5,1,FALSE,5,1,FALSE,5,1,FALSE,4,0,TRUE,5,1,FALSE,5,1,FALSE,5,1,FALSE,4,0,TRUE,"931070","OV"
"35","TCGA-24-2288-01",3,2,FALSE,3,2,FALSE,3,2,FALSE,3,0,TRUE,2,1,FALSE,2,1,FALSE,2,1,FALSE,2,0,TRUE,"931070","OV"
"36","TCGA-24-2289-01",NA,NA,NA,NA,NA,NA,NA,NA,NA,2,0,TRUE,1,1,FALSE,1,1,FALSE,1,1,FALSE,2,0,TRUE,"931070","OV"
"37","TCGA-24-2290-01",2,2,FALSE,2,2,FALSE,2,2,FALSE,2,0,TRUE,2,2,FALSE,2,2,FALSE,2,2,FALSE,2,0,TRUE,"931070","OV"
"38","TCGA-24-2293-01",4,0,TRUE,4,0,TRUE,4,0,TRUE,3,0,TRUE,3,0,TRUE,3,0,TRUE,3,0,TRUE,2,0,TRUE,"931070","OV"
"39","TCGA-24-2295-01",2,2,FALSE,2,1,FALSE,2,1,FALSE,2,0,TRUE,2,2,FALSE,2,1,FALSE,2,1,FALSE,2,0,TRUE,"931070","OV"
"40","TCGA-24-2298-01",NA,NA,NA,NA,NA,NA,NA,NA,NA,1,0,TRUE,1,1,FALSE,1,1,FALSE,1,1,FALSE,1,0,TRUE,"931070","OV"
"41","TCGA-25-1319-01",2,2,FALSE,2,2,FALSE,2,2,FALSE,2,0,TRUE,2,2,FALSE,2,2,FALSE,2,2,FALSE,2,0,TRUE,"931070","OV"
"42","TCGA-25-2042-01",NA,NA,NA,NA,NA,NA,NA,NA,NA,1,0,TRUE,2,1,FALSE,3,1,FALSE,3,1,FALSE,2,0,TRUE,"931070","OV"
"43","TCGA-25-2391-01",NA,NA,NA,NA,NA,NA,NA,NA,NA,1,0,TRUE,1,0,TRUE,1,1,FALSE,1,1,FALSE,1,0,TRUE,"931070","OV"
"44","TCGA-25-2392-01",4,2,FALSE,4,2,FALSE,4,2,FALSE,4,0,TRUE,3,2,FALSE,4,2,FALSE,4,2,FALSE,4,0,TRUE,"931070","OV"
"45","TCGA-25-2393-01",2,1,FALSE,2,1,FALSE,2,1,FALSE,2,0,TRUE,2,1,FALSE,2,1,FALSE,2,1,FALSE,2,0,TRUE,"931070","OV"
"46","TCGA-25-2399-01",NA,NA,NA,NA,NA,NA,NA,NA,NA,1,0,TRUE,1,1,FALSE,1,1,FALSE,1,1,FALSE,1,0,TRUE,"931070","OV"
"47","TCGA-25-2400-01",3,2,FALSE,3,2,FALSE,3,2,FALSE,5,0,TRUE,3,2,FALSE,3,2,FALSE,3,2,FALSE,6,0,TRUE,"931070","OV"
"48","TCGA-25-2401-01",2,1,FALSE,2,1,FALSE,2,1,FALSE,1,0,TRUE,2,1,FALSE,2,1,FALSE,2,1,FALSE,1,0,TRUE,"931070","OV"
"49","TCGA-25-2404-01",2,2,FALSE,2,2,FALSE,2,2,FALSE,4,0,TRUE,2,2,FALSE,2,2,FALSE,2,2,FALSE,4,0,TRUE,"931070","OV"
"50","TCGA-25-2408-01",NA,NA,NA,NA,NA,NA,NA,NA,NA,NA,NA,NA,1,1,FALSE,1,1,FALSE,1,1,FALSE,1,1,FALSE,"931070","OV"
"51","TCGA-25-2409-01",2,2,FALSE,2,2,FALSE,2,2,FALSE,2,0,TRUE,2,2,FALSE,2,2,FALSE,2,2,FALSE,2,0,TRUE,"931070","OV"
"52","TCGA-29-2427-01",NA,NA,NA,NA,NA,NA,NA,NA,NA,1,0,TRUE,1,1,FALSE,1,1,FALSE,1,1,FALSE,1,0,TRUE,"931070","OV"
"53","TCGA-30-1853-01",3,0,TRUE,3,0,TRUE,3,0,TRUE,3,0,TRUE,2,1,FALSE,2,1,FALSE,2,1,FALSE,NA,NA,NA,"931070","OV"
"54","TCGA-30-1862-01",2,0,TRUE,2,0,TRUE,2,0,TRUE,3,0,TRUE,2,0,TRUE,2,0,TRUE,2,0,TRUE,3,0,TRUE,"931070","OV"
"55","TCGA-30-1891-01",1,0,TRUE,1,0,TRUE,1,0,TRUE,1,0,TRUE,1,0,TRUE,1,0,TRUE,1,0,TRUE,1,0,TRUE,"931070","OV"
"56","TCGA-31-1950-01",2,0,TRUE,2,0,TRUE,2,0,TRUE,2,0,TRUE,2,0,TRUE,2,0,TRUE,2,0,TRUE,2,0,TRUE,"931070","OV"
"57","TCGA-31-1953-01",4,2,FALSE,4,2,FALSE,4,2,FALSE,6,0,TRUE,4,2,FALSE,4,2,FALSE,4,2,FALSE,6,0,TRUE,"931070","OV"
"58","TCGA-31-1959-01",NA,NA,NA,NA,NA,NA,NA,NA,NA,1,0,TRUE,2,2,FALSE,2,2,FALSE,2,2,FALSE,2,0,TRUE,"931070","OV"
"59","TCGA-57-1992-01",NA,NA,NA,NA,NA,NA,NA,NA,NA,2,0,TRUE,2,2,FALSE,2,2,FALSE,2,2,FALSE,4,0,TRUE,"931070","OV"
"60","TCGA-57-1993-01",3,2,FALSE,3,2,FALSE,3,2,FALSE,2,0,TRUE,3,2,FALSE,3,2,FALSE,3,2,FALSE,2,0,TRUE,"931070","OV"
"61","TCGA-57-1994-01",3,1,FALSE,3,1,FALSE,3,1,FALSE,3,0,TRUE,3,1,FALSE,3,1,FALSE,3,1,FALSE,3,0,TRUE,"931070","OV"
"62","TCGA-59-2350-01",1,0,TRUE,1,0,TRUE,1,0,TRUE,1,0,TRUE,1,0,TRUE,1,0,TRUE,1,0,TRUE,1,0,TRUE,"931070","OV"
"63","TCGA-59-2351-01",2,1,FALSE,NA,NA,NA,NA,NA,NA,2,0,TRUE,2,1,FALSE,2,0,TRUE,2,1,FALSE,2,0,TRUE,"931070","OV"
"64","TCGA-59-2352-01",2,2,FALSE,2,2,FALSE,2,2,FALSE,4,0,TRUE,2,2,FALSE,2,2,FALSE,2,2,FALSE,4,0,TRUE,"931070","OV"
"65","TCGA-59-2354-01",1,0,TRUE,NA,NA,NA,NA,NA,NA,1,0,TRUE,1,0,TRUE,1,1,FALSE,1,1,FALSE,1,0,TRUE,"931070","OV"
"66","TCGA-59-2355-01",2,1,FALSE,2,1,FALSE,2,1,FALSE,1,0,TRUE,2,1,FALSE,2,1,FALSE,2,1,FALSE,1,0,TRUE,"931070","OV"
"67","TCGA-59-2363-01",2,0,TRUE,2,0,TRUE,2,0,TRUE,1,0,TRUE,2,0,TRUE,1,0,TRUE,2,0,TRUE,1,0,TRUE,"931070","OV"
"68","TCGA-61-1728-01",3,0,TRUE,3,0,TRUE,3,0,TRUE,2,0,TRUE,4,0,TRUE,2,0,TRUE,2,0,TRUE,1,0,TRUE,"931070","OV"
"69","TCGA-61-1736-01",1,0,TRUE,NA,NA,NA,NA,NA,NA,1,0,TRUE,1,0,TRUE,2,0,TRUE,2,0,TRUE,1,0,TRUE,"931070","OV"
"70","TCGA-61-1919-01",3,3,FALSE,3,3,FALSE,3,3,FALSE,1,0,TRUE,3,3,FALSE,3,3,FALSE,3,3,FALSE,2,0,TRUE,"931070","OV"
"71","TCGA-61-1995-01",1,0,TRUE,1,0,TRUE,1,0,TRUE,1,0,TRUE,1,0,TRUE,1,0,TRUE,1,0,TRUE,1,0,TRUE,"931070","OV"
"72","TCGA-61-1998-01",2,1,FALSE,2,1,FALSE,2,1,FALSE,1,0,TRUE,3,1,FALSE,3,1,FALSE,3,1,FALSE,2,0,TRUE,"931070","OV"
"73","TCGA-61-2000-01",NA,NA,NA,NA,NA,NA,NA,NA,NA,1,0,TRUE,2,1,FALSE,2,1,FALSE,2,1,FALSE,1,0,TRUE,"931070","OV"
"74","TCGA-61-2002-01",NA,NA,NA,NA,NA,NA,NA,NA,NA,1,0,TRUE,1,1,FALSE,1,1,FALSE,1,1,FALSE,1,0,TRUE,"931070","OV"
"75","TCGA-61-2003-01",6,0,TRUE,6,0,TRUE,6,0,TRUE,2,0,TRUE,6,0,TRUE,6,0,TRUE,6,0,TRUE,3,0,TRUE,"931070","OV"
"76","TCGA-61-2008-01",2,2,FALSE,2,2,FALSE,2,2,FALSE,2,0,TRUE,2,2,FALSE,2,2,FALSE,2,2,FALSE,2,0,TRUE,"931070","OV"
"77","TCGA-61-2009-01",5,1,FALSE,5,1,FALSE,5,1,FALSE,3,0,TRUE,4,1,FALSE,4,1,FALSE,4,1,FALSE,3,0,TRUE,"931070","OV"
"78","TCGA-61-2012-01",3,0,TRUE,3,0,TRUE,3,0,TRUE,7,0,TRUE,3,0,TRUE,3,0,TRUE,3,0,TRUE,9.71926771545371,0,TRUE,"931070","OV"
"79","TCGA-61-2016-01",NA,NA,NA,NA,NA,NA,NA,NA,NA,1,0,TRUE,1,1,FALSE,3,2,FALSE,1,1,FALSE,1,0,TRUE,"931070","OV"
"80","TCGA-61-2018-01",NA,NA,NA,NA,NA,NA,NA,NA,NA,4,0,TRUE,1,1,FALSE,1,1,FALSE,1,1,FALSE,4,0,TRUE,"931070","OV"
"81","TCGA-61-2087-01",NA,NA,NA,NA,NA,NA,NA,NA,NA,2,0,TRUE,1,1,FALSE,NA,NA,NA,1,1,FALSE,2,0,TRUE,"931070","OV"
"82","TCGA-61-2088-01",2,1,FALSE,NA,NA,NA,NA,NA,NA,2,0,TRUE,3,1,FALSE,1,2,FALSE,2,1,FALSE,2,0,TRUE,"931070","OV"
"83","TCGA-61-2092-01",NA,NA,NA,NA,NA,NA,NA,NA,NA,2,0,TRUE,1,1,FALSE,1,1,FALSE,1,1,FALSE,1,1,FALSE,"931070","OV"
"84","TCGA-61-2094-01",NA,NA,NA,NA,NA,NA,NA,NA,NA,1,0,TRUE,2,2,FALSE,2,2,FALSE,2,2,FALSE,2,0,TRUE,"931070","OV"
"85","TCGA-61-2096-01",NA,NA,NA,NA,NA,NA,NA,NA,NA,1,0,TRUE,1,1,FALSE,1,1,FALSE,1,1,FALSE,1,0,TRUE,"931070","OV"
"86","TCGA-61-2097-01",2,2,FALSE,2,2,FALSE,2,2,FALSE,4,0,TRUE,2,2,FALSE,2,2,FALSE,2,2,FALSE,4,0,TRUE,"931070","OV"
"87","TCGA-61-2101-01",2,1,FALSE,2,1,FALSE,2,1,FALSE,2,0,TRUE,2,1,FALSE,2,1,FALSE,2,1,FALSE,2,0,TRUE,"931070","OV"
"88","TCGA-61-2102-01",NA,NA,NA,2,1,FALSE,2,1,FALSE,1,0,TRUE,1,1,FALSE,2,1,FALSE,2,1,FALSE,1,0,TRUE,"931070","OV"
"89","TCGA-61-2104-01",2,2,FALSE,2,2,FALSE,2,2,FALSE,2,0,TRUE,2,2,FALSE,2,2,FALSE,2,2,FALSE,2,0,TRUE,"931070","OV"
"90","TCGA-61-2109-01",NA,NA,NA,NA,NA,NA,NA,NA,NA,1,0,TRUE,1,1,FALSE,1,1,FALSE,1,1,FALSE,1,0,TRUE,"931070","OV"
"91","TCGA-61-2110-01",1,0,TRUE,1,0,TRUE,1,0,TRUE,1,0,TRUE,1,0,TRUE,1,0,TRUE,1,0,TRUE,1,0,TRUE,"931070","OV"
"92","TCGA-61-2113-01",5,2,FALSE,5,2,FALSE,5,2,FALSE,4,0,TRUE,3,0,TRUE,NA,NA,NA,3,0,TRUE,1,0,TRUE,"931070","OV"
"93","TCGA-61-1734-01",3,1,FALSE,3,1,FALSE,3,1,FALSE,1,0,TRUE,5,2,FALSE,5,2,FALSE,5,2,FALSE,2,0,TRUE,"931070","OV"
"94","TCGA-13-0924-01",2,1,FALSE,2,1,FALSE,2,1,FALSE,1,0,TRUE,2,1,FALSE,2,1,FALSE,2,1,FALSE,1,0,TRUE,"S0293689","OV"
"95","TCGA-29-1768-01",NA,NA,NA,NA,NA,NA,NA,NA,NA,1,0,TRUE,1,1,FALSE,1,1,FALSE,1,1,FALSE,1,0,TRUE,"S0293689","OV"
"96","TCGA-24-1463-01",NA,NA,NA,NA,NA,NA,NA,NA,NA,1,0,TRUE,1,2,FALSE,1,1,FALSE,1,1,FALSE,1,0,TRUE,"S0293689","OV"
"97","TCGA-13-1507-01",2,1,FALSE,2,1,FALSE,2,1,FALSE,3,0,TRUE,2,1,FALSE,2,1,FALSE,2,1,FALSE,3,0,TRUE,"S0293689","OV"
"98","TCGA-23-1114-01",3,2,FALSE,3,2,FALSE,3,2,FALSE,5,0,TRUE,3,2,FALSE,3,2,FALSE,3,2,FALSE,6,0,TRUE,"S0293689","OV"
"99","TCGA-13-1506-01",2,1,FALSE,2,1,FALSE,2,1,FALSE,3,0,TRUE,2,1,FALSE,2,1,FALSE,2,1,FALSE,3,0,TRUE,"S0293689","OV"
"100","TCGA-10-0935-01",3,0,TRUE,3,0,TRUE,3,0,TRUE,3,0,TRUE,NA,NA,NA,3,0,TRUE,3,0,TRUE,3,0,TRUE,"S0293689","OV"
"101","TCGA-20-1683-01",2,1,FALSE,2,1,FALSE,2,1,FALSE,4,0,TRUE,2,1,FALSE,2,1,FALSE,2,1,FALSE,5,0,TRUE,"S0293689","OV"
"102","TCGA-24-0980-01",NA,NA,NA,NA,NA,NA,NA,NA,NA,1,0,TRUE,1,1,FALSE,1,1,FALSE,1,1,FALSE,1,0,TRUE,"S0293689","OV"
"103","TCGA-29-1705-01",NA,NA,NA,NA,NA,NA,NA,NA,NA,1,0,TRUE,1,1,FALSE,2,1,FALSE,1,1,FALSE,1,0,TRUE,"S0293689","OV"
"104","TCGA-61-1741-01",3,1,FALSE,3,1,FALSE,3,1,FALSE,3,0,TRUE,3,1,FALSE,3,1,FALSE,3,1,FALSE,3,0,TRUE,"S0293689","OV"
"105","TCGA-24-1435-01",2,2,FALSE,2,2,FALSE,2,2,FALSE,2,0,TRUE,2,2,FALSE,2,2,FALSE,2,2,FALSE,2,0,TRUE,"S0293689","OV"
"106","TCGA-13-0890-01",NA,NA,NA,NA,NA,NA,NA,NA,NA,2,0,TRUE,1,1,FALSE,1,1,FALSE,1,1,FALSE,1,0,TRUE,"S0293689","OV"
"107","TCGA-29-1693-01",2,2,FALSE,2,2,FALSE,2,2,FALSE,2,0,TRUE,2,2,FALSE,2,2,FALSE,2,2,FALSE,2,0,TRUE,"S0293689","OV"
"108","TCGA-29-1764-01",3,2,FALSE,3,2,FALSE,3,2,FALSE,2,0,TRUE,4,2,FALSE,5,2,FALSE,3,2,FALSE,2,0,TRUE,"S0293689","OV"
"109","TCGA-61-1895-01",2,1,FALSE,2,1,FALSE,2,1,FALSE,1,0,TRUE,1,2,FALSE,2,1,FALSE,2,1,FALSE,1,0,TRUE,"S0293689","OV"
"110","TCGA-61-1733-01",NA,NA,NA,NA,NA,NA,NA,NA,NA,2,0,TRUE,1,1,FALSE,1,1,FALSE,1,1,FALSE,2,0,TRUE,"S0293689","OV"
"111","TCGA-24-1845-01",4,2,FALSE,4,2,FALSE,4,2,FALSE,2,0,TRUE,4,2,FALSE,4,1,FALSE,11.3171418975931,1,FALSE,2,0,TRUE,"S0293689","OV"
"112","TCGA-24-1428-01",2,2,FALSE,NA,NA,NA,NA,NA,NA,3,0,TRUE,2,2,FALSE,2,2,FALSE,2,2,FALSE,4,0,TRUE,"S0293689","OV"
"113","TCGA-24-1413-01",2,0,TRUE,2,0,TRUE,2,0,TRUE,1,0,TRUE,4,0,TRUE,4,0,TRUE,NA,NA,NA,2,0,TRUE,"S0293689","OV"
"114","TCGA-29-1770-01",2,2,FALSE,2,2,FALSE,2,2,FALSE,2,0,TRUE,2,2,FALSE,2,2,FALSE,2,2,FALSE,2,0,TRUE,"S0293689","OV"
"115","TCGA-13-0724-01",4,0,TRUE,4,0,TRUE,4,0,TRUE,2,0,TRUE,4,0,TRUE,4,1,FALSE,3,1,FALSE,2,0,TRUE,"S0293689","OV"
"116","TCGA-24-1850-01",2,0,TRUE,2,0,TRUE,2,0,TRUE,2,0,TRUE,2,0,TRUE,2,0,TRUE,2,0,TRUE,2,0,TRUE,"S0293689","OV"
"117","TCGA-29-1711-01",NA,NA,NA,NA,NA,NA,NA,NA,NA,1,0,TRUE,1,1,FALSE,1,1,FALSE,1,1,FALSE,1,0,TRUE,"S0293689","OV"
"118","TCGA-30-1714-01",3,2,FALSE,3,2,FALSE,3,2,FALSE,2,0,TRUE,3,2,FALSE,3,2,FALSE,3,2,FALSE,2,0,TRUE,"S0293689","OV"
"119","TCGA-09-0366-01",2,2,FALSE,2,2,FALSE,2,2,FALSE,2,0,TRUE,4,3,FALSE,3,1,FALSE,5,1,FALSE,2,0,TRUE,"S0293689","OV"
"120","TCGA-04-1655-01",2,2,FALSE,2,2,FALSE,2,2,FALSE,3,0,TRUE,3,2,FALSE,2,2,FALSE,2,2,FALSE,3,0,TRUE,"S0293689","OV"
"121","TCGA-61-1910-01",2,1,FALSE,2,1,FALSE,2,1,FALSE,2,0,TRUE,2,1,FALSE,2,1,FALSE,2,1,FALSE,2,0,TRUE,"S0293689","OV"
"122","TCGA-13-0723-01",2,1,FALSE,2,1,FALSE,2,1,FALSE,2,0,TRUE,3,1,FALSE,2,1,FALSE,2,1,FALSE,2,0,TRUE,"S0293689","OV"
"123","TCGA-09-1674-01",2,2,FALSE,2,2,FALSE,2,2,FALSE,3,0,TRUE,2,2,FALSE,2,2,FALSE,2,2,FALSE,3,0,TRUE,"S0293689","OV"
"124","TCGA-29-1763-01",3,1,FALSE,3,1,FALSE,3,1,FALSE,3,0,TRUE,3,1,FALSE,3,1,FALSE,3,1,FALSE,3,0,TRUE,"S0293689","OV"
"125","TCGA-29-1778-01",4,2,FALSE,4,2,FALSE,4,2,FALSE,4,0,TRUE,6,0,TRUE,3,2,FALSE,3,2,FALSE,4,0,TRUE,"S0293689","OV"
"126","TCGA-24-0966-01",NA,NA,NA,NA,NA,NA,NA,NA,NA,1,0,TRUE,1,1,FALSE,1,1,FALSE,1,1,FALSE,1,0,TRUE,"S0293689","OV"
"127","TCGA-29-1769-01",1,0,TRUE,1,0,TRUE,1,0,TRUE,1,0,TRUE,5,1,FALSE,3,0,TRUE,3,0,TRUE,3,0,TRUE,"S0293689","OV"
"128","TCGA-61-1907-01",2,2,FALSE,2,2,FALSE,2,2,FALSE,2,0,TRUE,3,2,FALSE,2,2,FALSE,2,1,FALSE,2,0,TRUE,"S0293689","OV"
"129","TCGA-29-1703-01",2,0,TRUE,NA,NA,NA,NA,NA,NA,2,0,TRUE,2,0,TRUE,2,0,TRUE,2,0,TRUE,2,0,TRUE,"S0293689","OV"
"130","TCGA-29-1690-01",NA,NA,NA,NA,NA,NA,NA,NA,NA,NA,NA,NA,2,1,FALSE,2,1,FALSE,2,1,FALSE,2,1,FALSE,"S0293689","OV"
"131","TCGA-30-1856-01",6,0,TRUE,6,0,TRUE,6,0,TRUE,4,0,TRUE,2,2,FALSE,2,2,FALSE,2,2,FALSE,2,0,TRUE,"S0293689","OV"
"132","TCGA-24-1563-01",NA,NA,NA,NA,NA,NA,NA,NA,NA,1,0,TRUE,2,1,FALSE,2,1,FALSE,2,1,FALSE,1,0,TRUE,"S0293689","OV"
"133","TCGA-23-1111-01",3,1,FALSE,3,1,FALSE,3,1,FALSE,3,0,TRUE,3,1,FALSE,3,1,FALSE,3,1,FALSE,3,0,TRUE,"S0293689","OV"
"134","TCGA-13-0910-01",2,0,TRUE,2,0,TRUE,2,0,TRUE,1,0,TRUE,2,0,TRUE,2,0,TRUE,2,0,TRUE,1,0,TRUE,"S0293689","OV"
"135","TCGA-13-1405-01",1,0,TRUE,1,0,TRUE,1,0,TRUE,1,0,TRUE,1,0,TRUE,1,0,TRUE,1,0,TRUE,1,0,TRUE,"S0293689","OV"
"136","TCGA-24-1424-01",3,3,FALSE,3,3,FALSE,3,3,FALSE,3,0,TRUE,3,3,FALSE,4,2,FALSE,3,3,FALSE,3,0,TRUE,"S0293689","OV"
"137","TCGA-61-1900-01",2,2,FALSE,2,1,FALSE,2,1,FALSE,2,0,TRUE,2,2,FALSE,2,1,FALSE,2,1,FALSE,2,0,TRUE,"S0293689","OV"
"138","TCGA-13-1482-01",NA,NA,NA,NA,NA,NA,NA,NA,NA,1,0,TRUE,1,1,FALSE,NA,NA,NA,1,1,FALSE,1,0,TRUE,"S0293689","OV"
"139","TCGA-29-1762-01",NA,NA,NA,NA,NA,NA,NA,NA,NA,1,0,TRUE,0,2,FALSE,1,1,FALSE,1,1,FALSE,1,0,TRUE,"S0293689","OV"
"140","TCGA-29-1697-01",1,0,TRUE,1,0,TRUE,1,0,TRUE,2,0,TRUE,1,0,TRUE,1,0,TRUE,1,0,TRUE,2,0,TRUE,"S0293689","OV"
"141","TCGA-24-1549-01",2,1,FALSE,2,1,FALSE,2,1,FALSE,2,0,TRUE,1,2,FALSE,2,1,FALSE,2,1,FALSE,2,0,TRUE,"S0293689","OV"
"142","TCGA-29-1777-01",NA,NA,NA,NA,NA,NA,NA,NA,NA,1,0,TRUE,1,0,TRUE,1,1,FALSE,2,0,TRUE,1,0,TRUE,"S0293689","OV"
"143","TCGA-13-0897-01",1,0,TRUE,2,1,FALSE,2,1,FALSE,1,0,TRUE,1,0,TRUE,2,1,FALSE,2,1,FALSE,1,0,TRUE,"S0293689","OV"
"144","TCGA-09-1675-01",NA,NA,NA,NA,NA,NA,NA,NA,NA,1,0,TRUE,1,1,FALSE,1,1,FALSE,1,1,FALSE,1,0,TRUE,"S0293689","OV"
"145","TCGA-20-1685-01",2,2,FALSE,2,2,FALSE,2,2,FALSE,2,0,TRUE,3,1,FALSE,2,1,FALSE,2,3,FALSE,2,0,TRUE,"S0293689","OV"
"146","TCGA-25-1315-01",NA,NA,NA,NA,NA,NA,NA,NA,NA,2,0,TRUE,0,2,FALSE,1,1,FALSE,1,1,FALSE,2,0,TRUE,"S0293689","OV"
"147","TCGA-30-1718-01",3,3,FALSE,3,3,FALSE,3,3,FALSE,3,0,TRUE,7.08463793789765,0,TRUE,4,1,FALSE,4,1,FALSE,2,0,TRUE,"S0293689","OV"
"148","TCGA-29-1695-01",5,1,FALSE,5,1,FALSE,5,1,FALSE,2,0,TRUE,5,1,FALSE,6,1,FALSE,4,0,TRUE,2,0,TRUE,"S0293689","OV"
"149","TCGA-24-1417-01",4,2,FALSE,4,2,FALSE,4,2,FALSE,2,0,TRUE,4,2,FALSE,4,2,FALSE,4,2,FALSE,2,0,TRUE,"S0293689","OV"
"150","TCGA-24-1470-01",NA,NA,NA,NA,NA,NA,NA,NA,NA,2,0,TRUE,2,1,FALSE,1,1,FALSE,1,1,FALSE,2,0,TRUE,"S0293689","OV"
"151","TCGA-20-1687-01",3,1,FALSE,2,1,FALSE,2,1,FALSE,2,0,TRUE,2,2,FALSE,2,1,FALSE,2,1,FALSE,2,0,TRUE,"S0293689","OV"
"152","TCGA-23-1029-01",NA,NA,NA,NA,NA,NA,NA,NA,NA,1,0,TRUE,1,1,FALSE,1,0,TRUE,1,0,TRUE,1,0,TRUE,"S0293689","OV"
"153","TCGA-61-1722-01",2,2,FALSE,2,2,FALSE,2,2,FALSE,3,0,TRUE,2,2,FALSE,5,2,FALSE,5,2,FALSE,2,0,TRUE,"S0293689","OV"
"154","TCGA-13-0893-01",2,1,FALSE,2,1,FALSE,2,1,FALSE,2,0,TRUE,4.81797749244502,1,FALSE,4,1,FALSE,4,1,FALSE,3,0,TRUE,"S0293689","OV"
"155","TCGA-24-1464-01",2,1,FALSE,2,1,FALSE,2,1,FALSE,1,0,TRUE,5.6246508780796,3,FALSE,4,3,FALSE,4,3,FALSE,2,0,TRUE,"S0293689","OV"
"156","TCGA-61-1738-01",1,0,TRUE,1,0,TRUE,1,0,TRUE,1,0,TRUE,2,1,FALSE,2,1,FALSE,2,1,FALSE,2,0,TRUE,"S0293689","OV"
"157","TCGA-24-1436-01",NA,NA,NA,NA,NA,NA,NA,NA,NA,2,0,TRUE,1,1,FALSE,1,1,FALSE,1,1,FALSE,2,0,TRUE,"S0293689","OV"
"158","TCGA-61-1914-01",2,1,FALSE,2,1,FALSE,2,1,FALSE,1,0,TRUE,5,1,FALSE,5,1,FALSE,5,1,FALSE,2,0,TRUE,"S0293689","OV"
"159","TCGA-24-1844-01",2,1,FALSE,2,1,FALSE,2,1,FALSE,3,0,TRUE,2,2,FALSE,2,2,FALSE,2,2,FALSE,4,0,TRUE,"S0293689","OV"
"160","TCGA-24-1103-01",1,0,TRUE,1,0,TRUE,1,0,TRUE,1,0,TRUE,1.55671691855417,0,TRUE,NA,NA,NA,1.28601502161241,0,TRUE,1,0,TRUE,"S0293689","OV"
"161","TCGA-13-1498-01",NA,NA,NA,2,1,FALSE,2,1,FALSE,1,0,TRUE,3,1,FALSE,3,1,FALSE,3,1,FALSE,1,0,TRUE,"S0293689","OV"
"162","TCGA-24-1418-01",2,1,FALSE,2,1,FALSE,2,1,FALSE,2,0,TRUE,3,1,FALSE,NA,NA,NA,2,1,FALSE,2,0,TRUE,"S0293689","OV"
"163","TCGA-61-1727-01",3,0,TRUE,3,0,TRUE,3,0,TRUE,2,0,TRUE,3,0,TRUE,3,0,TRUE,3,0,TRUE,2,0,TRUE,"S0293689","OV"
"164","TCGA-13-1509-01",NA,NA,NA,NA,NA,NA,NA,NA,NA,1,0,TRUE,1,1,FALSE,1,1,FALSE,1,1,FALSE,1,0,TRUE,"S0293689","OV"
"165","TCGA-30-1855-01",3,1,FALSE,3,1,FALSE,3,1,FALSE,2,0,TRUE,3,1,FALSE,3,1,FALSE,3,1,FALSE,2,0,TRUE,"S0293689","OV"
"166","TCGA-29-1785-01",NA,NA,NA,NA,NA,NA,NA,NA,NA,1,0,TRUE,1,0,TRUE,1,1,FALSE,1,1,FALSE,1,0,TRUE,"S0293689","OV"
"167","TCGA-29-1702-01",3,2,FALSE,3,2,FALSE,3,2,FALSE,7,0,TRUE,2,3,FALSE,4,2,FALSE,4,2,FALSE,NA,NA,NA,"S0293689","OV"
"168","TCGA-04-1542-01",2,2,FALSE,2,2,FALSE,2,2,FALSE,2,0,TRUE,2,2,FALSE,2,2,FALSE,2,2,FALSE,2,0,TRUE,"S0293689","OV"
"169","TCGA-24-1425-01",2,0,TRUE,2,0,TRUE,2,0,TRUE,1,0,TRUE,2,0,TRUE,3,0,TRUE,2,0,TRUE,1,0,TRUE,"S0293689","OV"
"170","TCGA-20-1684-01",2,1,FALSE,2,1,FALSE,2,1,FALSE,3,0,TRUE,2,1,FALSE,2,1,FALSE,2,1,FALSE,3,0,TRUE,"S0293689","OV"
"171","TCGA-09-1673-01",2,2,FALSE,4,2,FALSE,4,2,FALSE,4,0,TRUE,3,1,FALSE,4,2,FALSE,4,2,FALSE,4,0,TRUE,"S0293689","OV"
"172","TCGA-61-1899-01",4,4,FALSE,4,4,FALSE,4,4,FALSE,6,0,TRUE,2,2,FALSE,3,3,FALSE,1,3,FALSE,3,0,TRUE,"S0293689","OV"
"173","TCGA-24-1427-01",2,1,FALSE,2,1,FALSE,2,1,FALSE,2,0,TRUE,2,1,FALSE,2,1,FALSE,2,1,FALSE,3,0,TRUE,"S0293689","OV"
"174","TCGA-13-1497-01",4,0,TRUE,NA,NA,NA,NA,NA,NA,2,0,TRUE,4,0,TRUE,3,1,FALSE,3,1,FALSE,2,0,TRUE,"S0293689","OV"
"175","TCGA-13-1491-01",2,0,TRUE,2,0,TRUE,2,0,TRUE,1,0,TRUE,2,0,TRUE,1,1,FALSE,NA,NA,NA,1,0,TRUE,"S0293689","OV"
"176","TCGA-61-1737-01",3,2,FALSE,3,2,FALSE,3,2,FALSE,1,0,TRUE,3,1,FALSE,2,2,FALSE,2,2,FALSE,1,0,TRUE,"S0293689","OV"
"177","TCGA-25-1323-01",3,1,FALSE,3,1,FALSE,3,1,FALSE,2,0,TRUE,4,0,TRUE,4,0,TRUE,4,0,TRUE,2,0,TRUE,"S0293689","OV"
"178","TCGA-30-1857-01",NA,NA,NA,NA,NA,NA,NA,NA,NA,1,0,TRUE,1,1,FALSE,1,1,FALSE,1,1,FALSE,1,0,TRUE,"S0293689","OV"
"179","TCGA-25-1316-01",NA,NA,NA,NA,NA,NA,NA,NA,NA,NA,NA,NA,2,1,FALSE,1,1,FALSE,NA,NA,NA,1,1,FALSE,"S0293689","OV"
"180","TCGA-29-1696-01",NA,NA,NA,NA,NA,NA,NA,NA,NA,1,0,TRUE,1,1,FALSE,1,1,FALSE,1,1,FALSE,1,0,TRUE,"S0293689","OV"
"181","TCGA-09-0369-01",NA,NA,NA,NA,NA,NA,NA,NA,NA,2,0,TRUE,3,1,FALSE,1,1,FALSE,1,1,FALSE,2,0,TRUE,"S0293689","OV"
"182","TCGA-24-1416-01",2,0,TRUE,2,0,TRUE,2,0,TRUE,2,0,TRUE,2,0,TRUE,2,0,TRUE,2,0,TRUE,2,0,TRUE,"S0293689","OV"
"183","TCGA-24-0982-01",2,2,FALSE,2,2,FALSE,2,2,FALSE,2,0,TRUE,1,3,FALSE,2,2,FALSE,2,2,FALSE,2,0,TRUE,"S0293689","OV"
"184","TCGA-13-0903-01",2,2,FALSE,2,1,FALSE,2,1,FALSE,1,0,TRUE,2,2,FALSE,2,2,FALSE,2,2,FALSE,1,0,TRUE,"S0293689","OV"
"185","TCGA-61-1913-01",1,0,TRUE,1,0,TRUE,1,0,TRUE,1,0,TRUE,0,1,FALSE,1,0,TRUE,NA,NA,NA,1,0,TRUE,"S0293689","OV"
"186","TCGA-29-1698-01",4,2,FALSE,4,2,FALSE,4,2,FALSE,5,0,TRUE,1,2,FALSE,NA,NA,NA,2,1,FALSE,3,0,TRUE,"S0293689","OV"
"187","TCGA-13-1499-01",2,1,FALSE,2,1,FALSE,2,1,FALSE,2,0,TRUE,2,1,FALSE,NA,NA,NA,2,1,FALSE,2,0,TRUE,"S0293689","OV"
"188","TCGA-13-0885-01",3,2,FALSE,3,2,FALSE,3,2,FALSE,2,0,TRUE,4,2,FALSE,3,2,FALSE,3,2,FALSE,2,0,TRUE,"S0293689","OV"
"189","TCGA-23-1809-01",4,0,TRUE,4,0,TRUE,4,0,TRUE,3,0,TRUE,4,0,TRUE,4,0,TRUE,4,0,TRUE,3,0,TRUE,"S0293689","OV"
"190","TCGA-25-1322-01",1,0,TRUE,1,0,TRUE,1,0,TRUE,1,0,TRUE,1,0,TRUE,1,0,TRUE,1,0,TRUE,1,0,TRUE,"S0293689","OV"
"191","TCGA-10-0933-01",2,2,FALSE,2,2,FALSE,2,2,FALSE,1,0,TRUE,2,2,FALSE,2,1,FALSE,NA,NA,NA,1,0,TRUE,"S0293689","OV"
"192","TCGA-29-1774-01",NA,NA,NA,NA,NA,NA,NA,NA,NA,2,0,TRUE,3,2,FALSE,3,2,FALSE,3,2,FALSE,4,0,TRUE,"S0293689","OV"
"193","TCGA-24-1847-01",3,0,TRUE,3,0,TRUE,3,0,TRUE,2,0,TRUE,5,0,TRUE,3,0,TRUE,3,0,TRUE,2,0,TRUE,"S0293689","OV"
"194","TCGA-13-1481-01",2,0,TRUE,2,0,TRUE,2,0,TRUE,1,0,TRUE,5,2,FALSE,2,1,FALSE,6,1,FALSE,2,0,TRUE,"S0293689","OV"
"195","TCGA-61-1904-01",4,0,TRUE,4,0,TRUE,4,0,TRUE,5,0,TRUE,5,0,TRUE,4,0,TRUE,4,0,TRUE,4,0,TRUE,"S0293689","OV"
"196","TCGA-29-1701-01",2,2,FALSE,2,2,FALSE,2,2,FALSE,3,0,TRUE,2,1,FALSE,2,1,FALSE,1,1,FALSE,NA,NA,NA,"S0293689","OV"
"197","TCGA-13-1483-01",2,1,FALSE,NA,NA,NA,NA,NA,NA,1,0,TRUE,2,2,FALSE,NA,NA,NA,2,2,FALSE,1,0,TRUE,"S0293689","OV"
"198","TCGA-13-1488-01",2,1,FALSE,2,1,FALSE,2,1,FALSE,2,0,TRUE,3,1,FALSE,3,2,FALSE,2,1,FALSE,3,0,TRUE,"S0293689","OV"
"199","TCGA-24-1843-01",3,1,FALSE,3,1,FALSE,3,1,FALSE,2,0,TRUE,3,3,FALSE,5,1,FALSE,3,0,TRUE,2,0,TRUE,"S0293689","OV"
"200","TCGA-10-0930-01",2,0,TRUE,2,0,TRUE,2,0,TRUE,2,0,TRUE,2,0,TRUE,2,0,TRUE,2,0,TRUE,2,0,TRUE,"S0293689","OV"
"201","TCGA-24-1469-01",3,1,FALSE,3,1,FALSE,3,1,FALSE,2,0,TRUE,6,0,TRUE,4,1,FALSE,4,1,FALSE,2,0,TRUE,"S0293689","OV"
"202","TCGA-29-1707-01",2,1,FALSE,2,1,FALSE,2,1,FALSE,1,0,TRUE,3,1,FALSE,4,2,FALSE,4,2,FALSE,2.02739686131531,0,TRUE,"S0293689","OV"
"203","TCGA-09-0365-01",4,0,TRUE,4,0,TRUE,4,0,TRUE,3,0,TRUE,NA,NA,NA,2,1,FALSE,NA,NA,NA,3,0,TRUE,"S0293689","OV"
"204","TCGA-29-1781-01",1,0,TRUE,1,0,TRUE,1,0,TRUE,1,0,TRUE,1,0,TRUE,1,0,TRUE,1,0,TRUE,1,0,TRUE,"S0293689","OV"
"205","TCGA-13-0912-01",NA,NA,NA,NA,NA,NA,NA,NA,NA,1,0,TRUE,1,1,FALSE,1,1,FALSE,1,1,FALSE,1,0,TRUE,"S0293689","OV"
"206","TCGA-61-1730-01",3,2,FALSE,3,2,FALSE,3,2,FALSE,3,0,TRUE,3,2,FALSE,3,2,FALSE,3,2,FALSE,3,0,TRUE,"S0293689","OV"
"207","TCGA-61-1906-01",2,2,FALSE,2,2,FALSE,2,2,FALSE,2,0,TRUE,2,2,FALSE,2,2,FALSE,2,2,FALSE,2,0,TRUE,"S0293689","OV"
"208","TCGA-57-1586-01",2,1,FALSE,2,1,FALSE,2,1,FALSE,3,0,TRUE,2,1,FALSE,2,1,FALSE,2,1,FALSE,3,0,TRUE,"S0293689","OV"
"209","TCGA-29-1766-01",4,0,TRUE,4,0,TRUE,4,0,TRUE,4,0,TRUE,3,0,TRUE,2,0,TRUE,4.49108398771016,2,FALSE,4,0,TRUE,"S0293689","OV"
"210","TCGA-29-1699-01",6,0,TRUE,6,0,TRUE,6,0,TRUE,4,0,TRUE,6,0,TRUE,6,0,TRUE,6,0,TRUE,4,0,TRUE,"S0293689","OV"
"211","TCGA-61-1740-01",2,0,TRUE,2,0,TRUE,2,0,TRUE,2,0,TRUE,5,0,TRUE,5,0,TRUE,5,0,TRUE,5,0,TRUE,"S0293689","OV"
"212","TCGA-20-1686-01",3,1,FALSE,3,1,FALSE,3,1,FALSE,2,0,TRUE,3,1,FALSE,3,1,FALSE,3,1,FALSE,2,0,TRUE,"S0293689","OV"
"213","TCGA-61-1901-01",NA,NA,NA,NA,NA,NA,NA,NA,NA,1,0,TRUE,1,1,FALSE,1,1,FALSE,1,1,FALSE,1,0,TRUE,"S0293689","OV"
"214","TCGA-61-1725-01",2,0,TRUE,NA,NA,NA,NA,NA,NA,2,0,TRUE,2,0,TRUE,2,0,TRUE,2,0,TRUE,2,0,TRUE,"S0293689","OV"
"215","TCGA-24-1842-01",2,0,TRUE,2,0,TRUE,2,0,TRUE,2,0,TRUE,3,0,TRUE,NA,NA,NA,2,0,TRUE,2,0,TRUE,"S0293689","OV"
"216","TCGA-61-1911-01",2,0,TRUE,2,0,TRUE,2,0,TRUE,2,0,TRUE,2,0,TRUE,2,0,TRUE,2,0,TRUE,2,0,TRUE,"S0293689","OV"
"217","TCGA-29-1783-01",2,1,FALSE,2,1,FALSE,2,1,FALSE,2,0,TRUE,2,1,FALSE,2,1,FALSE,2,1,FALSE,2,0,TRUE,"S0293689","OV"
"218","TCGA-13-0726-01",NA,NA,NA,NA,NA,NA,NA,NA,NA,1,0,TRUE,1,1,FALSE,1,1,FALSE,1,1,FALSE,1,0,TRUE,"S0293689","OV"
"219","TCGA-29-1775-01",2,1,FALSE,2,1,FALSE,2,1,FALSE,2,0,TRUE,1,2,FALSE,2,1,FALSE,2,1,FALSE,2,0,TRUE,"S0293689","OV"
"220","TCGA-09-1672-01",NA,NA,NA,NA,NA,NA,NA,NA,NA,NA,NA,NA,1,1,FALSE,1,1,FALSE,1,1,FALSE,1,1,FALSE,"S0293689","OV"
"221","TCGA-29-1694-01",1,0,TRUE,1,0,TRUE,1,0,TRUE,1,0,TRUE,1,0,TRUE,1,0,TRUE,1,0,TRUE,1.27935732004717,0,TRUE,"S0293689","OV"
"222","TCGA-24-1616-01",2,1,FALSE,2,1,FALSE,2,1,FALSE,2,0,TRUE,2,1,FALSE,1,1,FALSE,4,1,FALSE,2,0,TRUE,"S0293689","OV"
"223","TCGA-29-1691-01",2,2,FALSE,NA,NA,NA,NA,NA,NA,3,0,TRUE,2,2,FALSE,2,2,FALSE,2,2,FALSE,3,0,TRUE,"S0293689","OV"
"224","TCGA-24-1846-01",NA,NA,NA,NA,NA,NA,NA,NA,NA,1,0,TRUE,1,1,FALSE,1,1,FALSE,1,1,FALSE,NA,NA,NA,"S0293689","OV"
"225","TCGA-61-1903-01",3,0,TRUE,NA,NA,NA,NA,NA,NA,1,0,TRUE,NA,NA,NA,1,1,FALSE,1,1,FALSE,1,0,TRUE,"S0293689","OV"
"226","TCGA-24-1562-01",NA,NA,NA,NA,NA,NA,NA,NA,NA,1,0,TRUE,1,1,FALSE,1,1,FALSE,1,1,FALSE,1,0,TRUE,"S0293689","OV"
"227","TCGA-29-1776-01",NA,NA,NA,NA,NA,NA,NA,NA,NA,1,0,TRUE,1,1,FALSE,1,1,FALSE,1,1,FALSE,1,0,TRUE,"S0293689","OV"
"228","TCGA-20-1682-01",1,0,TRUE,1,0,TRUE,1,0,TRUE,1,0,TRUE,NA,NA,NA,1,0,TRUE,1,0,TRUE,1,0,TRUE,"S0293689","OV"
"229","TCGA-29-1761-01",2,1,FALSE,2,1,FALSE,2,1,FALSE,2,0,TRUE,3,0,TRUE,2,1,FALSE,2,1,FALSE,2,0,TRUE,"S0293689","OV"
"230","TCGA-24-1104-01",2,0,TRUE,1,0,TRUE,1,0,TRUE,1,0,TRUE,2,0,TRUE,1,0,TRUE,4,0,TRUE,1,0,TRUE,"S0293689","OV"
"231","TCGA-13-0887-01",2,0,TRUE,NA,NA,NA,NA,NA,NA,1,0,TRUE,5,1,FALSE,3,0,TRUE,3,0,TRUE,2,0,TRUE,"S0293689","OV"
"232","TCGA-29-1784-01",2,1,FALSE,2,1,FALSE,2,1,FALSE,2,0,TRUE,1,2,FALSE,3.40439426917743,1,FALSE,4,1,FALSE,2,0,TRUE,"S0293689","OV"
"233","TCGA-13-0807-01",2,1,FALSE,2,1,FALSE,2,1,FALSE,2,0,TRUE,2,1,FALSE,2,1,FALSE,2,1,FALSE,2,0,TRUE,"S0293689","OV"
"234","TCGA-05-4244-01",2,2,FALSE,2,2,FALSE,2,2,FALSE,3,0,TRUE,2,2,FALSE,2,2,FALSE,2,2,FALSE,3,0,TRUE,"S0293689","LUAD"
"235","TCGA-05-4249-01",3,2,FALSE,3,2,FALSE,3,2,FALSE,2,1,FALSE,3,2,FALSE,3,2,FALSE,3,2,FALSE,2,1,FALSE,"S0293689","LUAD"
"236","TCGA-05-4250-01",2,1,FALSE,2,1,FALSE,2,1,FALSE,2,0,TRUE,2,1,FALSE,2,1,FALSE,2,1,FALSE,3,0,TRUE,"S0293689","LUAD"
"237","TCGA-05-4382-01",3,1,FALSE,3,1,FALSE,3,1,FALSE,3,0,TRUE,2,1,FALSE,2,1,FALSE,2,1,FALSE,2,0,TRUE,"S0293689","LUAD"
"238","TCGA-05-4384-01",NA,NA,NA,NA,NA,NA,NA,NA,NA,NA,NA,NA,1,1,FALSE,1,1,FALSE,1,1,FALSE,1,1,FALSE,"S0293689","LUAD"
"239","TCGA-05-4389-01",2,0,TRUE,2,0,TRUE,2,0,TRUE,2,0,TRUE,1,0,TRUE,1,0,TRUE,1,0,TRUE,1,0,TRUE,"S0293689","LUAD"
"240","TCGA-05-4390-01",4,0,TRUE,4,0,TRUE,4,0,TRUE,2,1,FALSE,4,0,TRUE,4,0,TRUE,4,0,TRUE,2,1,FALSE,"S0293689","LUAD"
"241","TCGA-05-4395-01",2,0,TRUE,2,0,TRUE,2,0,TRUE,2,0,TRUE,2,0,TRUE,2,0,TRUE,2,0,TRUE,2,0,TRUE,"S0293689","LUAD"
"242","TCGA-05-4396-01",NA,NA,NA,NA,NA,NA,NA,NA,NA,1,0,TRUE,2,2,FALSE,3,2,FALSE,3,2,FALSE,2,0,TRUE,"S0293689","LUAD"
"243","TCGA-05-4397-01",NA,NA,NA,NA,NA,NA,NA,NA,NA,1,0,TRUE,1,1,FALSE,1,1,FALSE,1,1,FALSE,1,0,TRUE,"S0293689","LUAD"
"244","TCGA-05-4398-01",3,2,FALSE,3,2,FALSE,3,2,FALSE,2,0,TRUE,2,2,FALSE,2,2,FALSE,2,2,FALSE,2,0,TRUE,"S0293689","LUAD"
"245","TCGA-05-4402-01",2,2,FALSE,2,2,FALSE,2,2,FALSE,2,0,TRUE,2,1,FALSE,2,1,FALSE,2,1,FALSE,2,0,TRUE,"S0293689","LUAD"
"246","TCGA-05-4403-01",NA,NA,NA,NA,NA,NA,NA,NA,NA,NA,NA,NA,1,1,FALSE,1,1,FALSE,1,1,FALSE,1,1,FALSE,"S0293689","LUAD"
"247","TCGA-05-4405-01",3,0,TRUE,3,0,TRUE,3,0,TRUE,2,2,FALSE,3,0,TRUE,3,0,TRUE,3,0,TRUE,2,1,FALSE,"S0293689","LUAD"
"248","TCGA-05-4410-01",4,1,FALSE,4,1,FALSE,4,1,FALSE,3,0,TRUE,3,0,TRUE,3,0,TRUE,3,0,TRUE,1,0,TRUE,"S0293689","LUAD"
"249","TCGA-05-4415-01",3,0,TRUE,3,0,TRUE,3,0,TRUE,2,0,TRUE,3,0,TRUE,3,0,TRUE,3,0,TRUE,2,0,TRUE,"S0293689","LUAD"
"250","TCGA-05-4417-01",2,1,FALSE,2,1,FALSE,2,1,FALSE,2,0,TRUE,2,0,TRUE,2,0,TRUE,2,0,TRUE,1,0,TRUE,"S0293689","LUAD"
"251","TCGA-05-4418-01",2,0,TRUE,2,0,TRUE,2,0,TRUE,NA,NA,NA,2,0,TRUE,2,0,TRUE,2,0,TRUE,1,1,FALSE,"S0293689","LUAD"
"252","TCGA-05-4420-01",3,2,FALSE,3,2,FALSE,3,2,FALSE,NA,NA,NA,3,2,FALSE,3,2,FALSE,3,2,FALSE,1,1,FALSE,"S0293689","LUAD"
"253","TCGA-05-4422-01",NA,NA,NA,NA,NA,NA,NA,NA,NA,NA,NA,NA,1,1,FALSE,1,1,FALSE,1,1,FALSE,1,1,FALSE,"S0293689","LUAD"
"254","TCGA-05-4424-01",3,1,FALSE,3,1,FALSE,3,1,FALSE,4,0,TRUE,2,1,FALSE,2,1,FALSE,2,1,FALSE,3,0,TRUE,"S0293689","LUAD"
"255","TCGA-05-4425-01",2,0,TRUE,2,0,TRUE,2,0,TRUE,1,0,TRUE,2,0,TRUE,2,0,TRUE,2,0,TRUE,1,0,TRUE,"S0293689","LUAD"
"256","TCGA-05-4426-01",NA,NA,NA,NA,NA,NA,NA,NA,NA,1,0,TRUE,1,1,FALSE,1,1,FALSE,1,1,FALSE,1,0,TRUE,"S0293689","LUAD"
"257","TCGA-05-4427-01",5,0,TRUE,5,0,TRUE,5,0,TRUE,3,0,TRUE,5,0,TRUE,5,0,TRUE,5,0,TRUE,3,0,TRUE,"S0293689","LUAD"
"258","TCGA-05-4430-01",2,2,FALSE,2,2,FALSE,2,2,FALSE,2,0,TRUE,2,1,FALSE,2,1,FALSE,2,1,FALSE,1,0,TRUE,"S0293689","LUAD"
"259","TCGA-05-4432-01",2,1,FALSE,2,1,FALSE,2,1,FALSE,2,2,FALSE,2,1,FALSE,3,1,FALSE,3,1,FALSE,2,2,FALSE,"S0293689","LUAD"
"260","TCGA-05-4433-01",NA,NA,NA,NA,NA,NA,NA,NA,NA,1,0,TRUE,1,1,FALSE,1,1,FALSE,1,1,FALSE,1,0,TRUE,"S0293689","LUAD"
"261","TCGA-05-4434-01",NA,NA,NA,NA,NA,NA,NA,NA,NA,NA,NA,NA,1,1,FALSE,1,1,FALSE,1,1,FALSE,1,1,FALSE,"S0293689","LUAD"
"262","TCGA-05-5423-01",2,0,TRUE,2,0,TRUE,2,0,TRUE,2,0,TRUE,2,0,TRUE,2,0,TRUE,2,0,TRUE,2,0,TRUE,"S0293689","LUAD"
"263","TCGA-05-5425-01",2,0,TRUE,2,0,TRUE,2,0,TRUE,1,0,TRUE,5,1,FALSE,5,1,FALSE,5,1,FALSE,2,0,TRUE,"S0293689","LUAD"
"264","TCGA-05-5428-01",2,0,TRUE,2,0,TRUE,2,0,TRUE,2,0,TRUE,2,1,FALSE,2,1,FALSE,2,1,FALSE,2,0,TRUE,"S0293689","LUAD"
"265","TCGA-05-5429-01",NA,NA,NA,NA,NA,NA,NA,NA,NA,1,0,TRUE,1,1,FALSE,1,1,FALSE,1,1,FALSE,2,0,TRUE,"S0293689","LUAD"
"266","TCGA-05-5715-01",NA,NA,NA,NA,NA,NA,NA,NA,NA,NA,NA,NA,2,0,TRUE,2,0,TRUE,2,0,TRUE,1,1,FALSE,"S0293689","LUAD"
"267","TCGA-35-4122-01",2,2,FALSE,2,2,FALSE,2,2,FALSE,NA,NA,NA,2,1,FALSE,2,1,FALSE,2,1,FALSE,1,1,FALSE,"S0293689","LUAD"
"268","TCGA-35-4123-01",NA,NA,NA,NA,NA,NA,NA,NA,NA,1,0,TRUE,1,1,FALSE,1,1,FALSE,1,1,FALSE,1,0,TRUE,"S0293689","LUAD"
"269","TCGA-35-5375-01",4,2,FALSE,4,2,FALSE,4,2,FALSE,5,0,TRUE,5,2,FALSE,5,2,FALSE,5,2,FALSE,6,0,TRUE,"S0293689","LUAD"
"270","TCGA-38-4625-01",5,0,TRUE,NA,NA,NA,NA,NA,NA,2,0,TRUE,6,0,TRUE,5,0,TRUE,5,0,TRUE,2,0,TRUE,"S0293689","LUAD"
"271","TCGA-38-4626-01",NA,NA,NA,NA,NA,NA,NA,NA,NA,NA,NA,NA,0,0,TRUE,1,0,TRUE,1,0,TRUE,1,0,TRUE,"S0293689","LUAD"
"272","TCGA-38-4627-01",NA,NA,NA,NA,NA,NA,NA,NA,NA,NA,NA,NA,1,1,FALSE,1,1,FALSE,1,1,FALSE,1,0,TRUE,"S0293689","LUAD"
"273","TCGA-38-4628-01",4,2,FALSE,4,2,FALSE,4,2,FALSE,3,3,FALSE,3,2,FALSE,3,2,FALSE,3,2,FALSE,3,3,FALSE,"S0293689","LUAD"
"274","TCGA-38-4631-01",2,0,TRUE,NA,NA,NA,NA,NA,NA,2,0,TRUE,3,0,TRUE,NA,NA,NA,3,0,TRUE,3,0,TRUE,"S0293689","LUAD"
"275","TCGA-38-4632-01",2,2,FALSE,2,2,FALSE,2,2,FALSE,2,0,TRUE,2,1,FALSE,2,1,FALSE,2,1,FALSE,2,0,TRUE,"S0293689","LUAD"
"276","TCGA-38-6178-01",3,2,FALSE,3,2,FALSE,3,2,FALSE,3,0,TRUE,3,2,FALSE,3,2,FALSE,3,2,FALSE,3,0,TRUE,"S0293689","LUAD"
"277","TCGA-38-7271-01",NA,NA,NA,NA,NA,NA,NA,NA,NA,NA,NA,NA,1,1,FALSE,1,1,FALSE,1,1,FALSE,1,0,TRUE,"S0293689","LUAD"
"278","TCGA-38-A44F-01",NA,NA,NA,NA,NA,NA,NA,NA,NA,NA,NA,NA,1,1,FALSE,1,1,FALSE,1,1,FALSE,1,1,FALSE,"S0293689","LUAD"
"279","TCGA-44-6779-01",NA,NA,NA,NA,NA,NA,NA,NA,NA,1,0,TRUE,1,1,FALSE,1,1,FALSE,1,1,FALSE,1,0,TRUE,"S0293689","LUAD"
"280","TCGA-44-8117-01",2,1,FALSE,2,1,FALSE,2,1,FALSE,2,0,TRUE,2,1,FALSE,2,1,FALSE,2,1,FALSE,2,0,TRUE,"S0293689","LUAD"
"281","TCGA-44-8119-01",4,0,TRUE,4,0,TRUE,4,0,TRUE,4,0,TRUE,4,0,TRUE,4,0,TRUE,4,0,TRUE,4,0,TRUE,"S0293689","LUAD"
"282","TCGA-44-8120-01",2,0,TRUE,2,0,TRUE,2,0,TRUE,1,0,TRUE,4,1,FALSE,2,0,TRUE,2,0,TRUE,1,0,TRUE,"S0293689","LUAD"
"283","TCGA-44-A479-01",NA,NA,NA,NA,NA,NA,NA,NA,NA,1,0,TRUE,1,1,FALSE,1,1,FALSE,1,1,FALSE,1,0,TRUE,"S0293689","LUAD"
"284","TCGA-44-A47A-01",2,1,FALSE,2,1,FALSE,2,1,FALSE,2,1,FALSE,1,0,TRUE,1,0,TRUE,1,0,TRUE,1,0,TRUE,"S0293689","LUAD"
"285","TCGA-44-A47B-01",2,1,FALSE,2,1,FALSE,2,1,FALSE,2,0,TRUE,2,1,FALSE,2,1,FALSE,2,1,FALSE,2,0,TRUE,"S0293689","LUAD"
"286","TCGA-44-A47F-01",4,1,FALSE,4,1,FALSE,4,1,FALSE,2,2,FALSE,4,1,FALSE,4,1,FALSE,4,1,FALSE,2,2,FALSE,"S0293689","LUAD"
"287","TCGA-44-A47G-01",NA,NA,NA,1,0,TRUE,NA,NA,NA,1,0,TRUE,1,1,FALSE,1,1,FALSE,1,1,FALSE,2,0,TRUE,"S0293689","LUAD"
"288","TCGA-44-A4SS-01",3,0,TRUE,3,0,TRUE,3,0,TRUE,3,0,TRUE,2,0,TRUE,2,0,TRUE,2,0,TRUE,2,0,TRUE,"S0293689","LUAD"
"289","TCGA-44-A4SU-01",2,1,FALSE,2,1,FALSE,2,1,FALSE,2,0,TRUE,3,0,TRUE,3,0,TRUE,3,0,TRUE,2,0,TRUE,"S0293689","LUAD"
"290","TCGA-49-4486-01",NA,NA,NA,NA,NA,NA,NA,NA,NA,NA,NA,NA,1,1,FALSE,1,1,FALSE,1,1,FALSE,1,1,FALSE,"S0293689","LUAD"
"291","TCGA-49-4487-01",3,1,FALSE,3,1,FALSE,3,1,FALSE,2,1,FALSE,2,0,TRUE,2,0,TRUE,2,0,TRUE,1,1,FALSE,"S0293689","LUAD"
"292","TCGA-49-4488-01",4,2,FALSE,3,3,FALSE,3,3,FALSE,4,0,TRUE,3,1,FALSE,3,2,FALSE,3,2,FALSE,3,0,TRUE,"S0293689","LUAD"
"293","TCGA-49-4490-01",4,2,FALSE,4,2,FALSE,4,2,FALSE,4,0,TRUE,4,1,FALSE,4,1,FALSE,4,1,FALSE,4,0,TRUE,"S0293689","LUAD"
"294","TCGA-49-4494-01",2,0,TRUE,2,0,TRUE,2,0,TRUE,NA,NA,NA,2,0,TRUE,2,0,TRUE,2,0,TRUE,1,1,FALSE,"S0293689","LUAD"
"295","TCGA-49-4501-01",2,1,FALSE,2,1,FALSE,2,1,FALSE,2,0,TRUE,2,1,FALSE,2,1,FALSE,2,1,FALSE,2,0,TRUE,"S0293689","LUAD"
"296","TCGA-49-4505-01",2,1,FALSE,2,1,FALSE,2,1,FALSE,2,0,TRUE,2,1,FALSE,2,1,FALSE,2,1,FALSE,2,0,TRUE,"S0293689","LUAD"
"297","TCGA-49-4506-01",NA,NA,NA,NA,NA,NA,NA,NA,NA,2,1,FALSE,1,1,FALSE,1,1,FALSE,1,1,FALSE,1,0,TRUE,"S0293689","LUAD"
"298","TCGA-49-4507-01",2,1,FALSE,2,1,FALSE,2,1,FALSE,2,0,TRUE,2,1,FALSE,2,1,FALSE,2,1,FALSE,2,0,TRUE,"S0293689","LUAD"
"299","TCGA-49-4510-01",2,2,FALSE,2,2,FALSE,2,2,FALSE,2,1,FALSE,2,2,FALSE,2,2,FALSE,2,2,FALSE,2,1,FALSE,"S0293689","LUAD"
"300","TCGA-49-4512-01",5,0,TRUE,5,0,TRUE,5,0,TRUE,2,0,TRUE,2,0,TRUE,2,0,TRUE,2,0,TRUE,1,0,TRUE,"S0293689","LUAD"
"301","TCGA-49-4514-01",2,1,FALSE,2,1,FALSE,2,1,FALSE,NA,NA,NA,2,1,FALSE,2,1,FALSE,2,1,FALSE,2,0,TRUE,"S0293689","LUAD"
"302","TCGA-49-6742-01",3,1,FALSE,3,1,FALSE,3,1,FALSE,2,2,FALSE,3,1,FALSE,3,1,FALSE,3,1,FALSE,2,2,FALSE,"S0293689","LUAD"
"303","TCGA-49-6743-01",2,1,FALSE,2,1,FALSE,2,1,FALSE,2,0,TRUE,2,1,FALSE,2,1,FALSE,2,1,FALSE,2,0,TRUE,"S0293689","LUAD"
"304","TCGA-49-6744-01",NA,NA,NA,NA,NA,NA,NA,NA,NA,1,0,TRUE,1,1,FALSE,1,1,FALSE,1,1,FALSE,1,1,FALSE,"S0293689","LUAD"
"305","TCGA-49-6745-01",NA,NA,NA,NA,NA,NA,NA,NA,NA,2,2,FALSE,1,0,TRUE,1,0,TRUE,1,0,TRUE,1,0,TRUE,"S0293689","LUAD"
"306","TCGA-49-6761-01",2,2,FALSE,2,2,FALSE,2,2,FALSE,2,0,TRUE,2,2,FALSE,2,2,FALSE,2,2,FALSE,2,0,TRUE,"S0293689","LUAD"
"307","TCGA-49-6767-01",2,2,FALSE,2,2,FALSE,2,2,FALSE,2,0,TRUE,2,2,FALSE,2,2,FALSE,2,2,FALSE,2,0,TRUE,"S0293689","LUAD"
"308","TCGA-49-AAQV-01",NA,NA,NA,NA,NA,NA,NA,NA,NA,2,0,TRUE,1,1,FALSE,1,1,FALSE,1,1,FALSE,3,0,TRUE,"S0293689","LUAD"
"309","TCGA-49-AAR0-01",NA,NA,NA,NA,NA,NA,NA,NA,NA,1,0,TRUE,1,1,FALSE,1,1,FALSE,1,1,FALSE,1,0,TRUE,"S0293689","LUAD"
"310","TCGA-49-AAR2-01",NA,NA,NA,NA,NA,NA,NA,NA,NA,NA,NA,NA,1,1,FALSE,1,1,FALSE,1,1,FALSE,1,1,FALSE,"S0293689","LUAD"
"311","TCGA-49-AAR3-01",2,0,TRUE,NA,NA,NA,2,0,TRUE,2,0,TRUE,2,0,TRUE,2,0,TRUE,2,0,TRUE,2,0,TRUE,"S0293689","LUAD"
"312","TCGA-49-AAR4-01",1,0,TRUE,1,0,TRUE,1,0,TRUE,1,0,TRUE,1,0,TRUE,1,0,TRUE,1,0,TRUE,1,0,TRUE,"S0293689","LUAD"
"313","TCGA-49-AAR9-01",2,0,TRUE,2,0,TRUE,2,0,TRUE,1,0,TRUE,2,0,TRUE,2,0,TRUE,2,0,TRUE,1,0,TRUE,"S0293689","LUAD"
"314","TCGA-49-AARE-01",2,0,TRUE,2,0,TRUE,2,0,TRUE,2,0,TRUE,2,0,TRUE,2,0,TRUE,2,0,TRUE,2,0,TRUE,"S0293689","LUAD"
"315","TCGA-49-AARN-01",NA,NA,NA,NA,NA,NA,NA,NA,NA,1,0,TRUE,1,1,FALSE,1,1,FALSE,1,1,FALSE,1,0,TRUE,"S0293689","LUAD"
"316","TCGA-49-AARO-01",3,2,FALSE,5,0,TRUE,5,0,TRUE,2,0,TRUE,4,1,FALSE,1,1,FALSE,1,1,FALSE,1,0,TRUE,"S0293689","LUAD"
"317","TCGA-49-AARQ-01",2,1,FALSE,2,1,FALSE,2,1,FALSE,2,0,TRUE,2,1,FALSE,2,1,FALSE,2,1,FALSE,2,0,TRUE,"S0293689","LUAD"
"318","TCGA-49-AARR-01",NA,NA,NA,NA,NA,NA,NA,NA,NA,NA,NA,NA,1,1,FALSE,1,1,FALSE,1,1,FALSE,1,1,FALSE,"S0293689","LUAD"
"319","TCGA-4B-A93V-01",2,0,TRUE,2,0,TRUE,2,0,TRUE,2,0,TRUE,2,0,TRUE,2,0,TRUE,2,0,TRUE,2,0,TRUE,"S0293689","LUAD"
"320","TCGA-50-5044-01",NA,NA,NA,NA,NA,NA,NA,NA,NA,NA,NA,NA,1,1,FALSE,1,1,FALSE,1,1,FALSE,1,0,TRUE,"S0293689","LUAD"
"321","TCGA-50-5045-01",NA,NA,NA,NA,NA,NA,NA,NA,NA,NA,NA,NA,1,1,FALSE,1,1,FALSE,1,1,FALSE,1,0,TRUE,"S0293689","LUAD"
"322","TCGA-50-5049-01",1,0,TRUE,1,0,TRUE,1,0,TRUE,1,0,TRUE,2,0,TRUE,2,0,TRUE,2,0,TRUE,1,0,TRUE,"S0293689","LUAD"
"323","TCGA-50-5051-01",NA,NA,NA,NA,NA,NA,NA,NA,NA,NA,NA,NA,1,1,FALSE,1,1,FALSE,1,1,FALSE,2,1,FALSE,"S0293689","LUAD"
"324","TCGA-50-5055-01",NA,NA,NA,NA,NA,NA,NA,NA,NA,NA,NA,NA,1,1,FALSE,NA,NA,NA,1,1,FALSE,1,1,FALSE,"S0293689","LUAD"
"325","TCGA-50-5068-01",2,0,TRUE,2,0,TRUE,2,0,TRUE,2,0,TRUE,1,0,TRUE,1,0,TRUE,1,0,TRUE,1,0,TRUE,"S0293689","LUAD"
"326","TCGA-50-5072-01",NA,NA,NA,NA,NA,NA,NA,NA,NA,3,0,TRUE,1,1,FALSE,1,1,FALSE,1,1,FALSE,3,0,TRUE,"S0293689","LUAD"
"327","TCGA-50-5930-01",2,0,TRUE,2,0,TRUE,2,0,TRUE,2,0,TRUE,1,1,FALSE,1,1,FALSE,1,1,FALSE,3,0,TRUE,"S0293689","LUAD"
"328","TCGA-50-5931-01",NA,NA,NA,NA,NA,NA,NA,NA,NA,1,0,TRUE,2,2,FALSE,2,2,FALSE,2,2,FALSE,2,0,TRUE,"S0293689","LUAD"
"329","TCGA-50-5932-01",2,1,FALSE,2,1,FALSE,2,1,FALSE,NA,NA,NA,2,1,FALSE,2,1,FALSE,2,1,FALSE,1,1,FALSE,"S0293689","LUAD"
"330","TCGA-50-5933-01",4,0,TRUE,4,0,TRUE,4,0,TRUE,2,0,TRUE,4,0,TRUE,4,0,TRUE,4,0,TRUE,2,1,FALSE,"S0293689","LUAD"
"331","TCGA-50-5935-01",4,3,FALSE,4,3,FALSE,4,3,FALSE,4,3,FALSE,2,2,FALSE,2,2,FALSE,2,2,FALSE,2,2,FALSE,"S0293689","LUAD"
"332","TCGA-50-5936-01",NA,NA,NA,NA,NA,NA,NA,NA,NA,1,0,TRUE,2,2,FALSE,2,2,FALSE,2,2,FALSE,2,0,TRUE,"S0293689","LUAD"
"333","TCGA-50-5939-01",NA,NA,NA,NA,NA,NA,NA,NA,NA,NA,NA,NA,1,1,FALSE,1,1,FALSE,1,1,FALSE,2,0,TRUE,"S0293689","LUAD"
"334","TCGA-50-5941-01",4,3,FALSE,4,3,FALSE,4,3,FALSE,2,0,TRUE,3,1,FALSE,3,1,FALSE,3,1,FALSE,2,0,TRUE,"S0293689","LUAD"
"335","TCGA-50-5942-01",NA,NA,NA,NA,NA,NA,NA,NA,NA,NA,NA,NA,1,1,FALSE,1,1,FALSE,1,1,FALSE,1,1,FALSE,"S0293689","LUAD"
"336","TCGA-50-5944-01",4,1,FALSE,4,1,FALSE,4,1,FALSE,2,0,TRUE,4,1,FALSE,4,1,FALSE,4,1,FALSE,2,0,TRUE,"S0293689","LUAD"
"337","TCGA-50-6590-01",3,1,FALSE,3,1,FALSE,3,1,FALSE,2,1,FALSE,3,1,FALSE,3,1,FALSE,3,1,FALSE,3,0,TRUE,"S0293689","LUAD"
"338","TCGA-50-6591-01",4,3,FALSE,4,3,FALSE,4,3,FALSE,3,0,TRUE,3,2,FALSE,3,2,FALSE,3,2,FALSE,1,0,TRUE,"S0293689","LUAD"
"339","TCGA-50-6592-01",2,1,FALSE,2,1,FALSE,2,1,FALSE,2,0,TRUE,2,1,FALSE,2,1,FALSE,2,1,FALSE,2,0,TRUE,"S0293689","LUAD"
"340","TCGA-50-6593-01",2,1,FALSE,2,1,FALSE,2,1,FALSE,2,0,TRUE,2,1,FALSE,NA,NA,NA,2,1,FALSE,2,0,TRUE,"S0293689","LUAD"
"341","TCGA-50-6594-01",2,0,TRUE,2,0,TRUE,2,0,TRUE,2,0,TRUE,2,0,TRUE,2,0,TRUE,2,0,TRUE,2,0,TRUE,"S0293689","LUAD"
"342","TCGA-50-6595-01",NA,NA,NA,NA,NA,NA,NA,NA,NA,2,0,TRUE,1,1,FALSE,1,1,FALSE,1,1,FALSE,1,0,TRUE,"S0293689","LUAD"
"343","TCGA-50-6673-01",3,2,FALSE,3,2,FALSE,3,2,FALSE,4,0,TRUE,2,1,FALSE,2,1,FALSE,2,1,FALSE,1,0,TRUE,"S0293689","LUAD"
"344","TCGA-50-7109-01",3,1,FALSE,3,1,FALSE,3,1,FALSE,NA,NA,NA,3,1,FALSE,3,1,FALSE,3,1,FALSE,1,1,FALSE,"S0293689","LUAD"
"345","TCGA-50-8457-01",NA,NA,NA,NA,NA,NA,NA,NA,NA,NA,NA,NA,1,1,FALSE,1,1,FALSE,1,1,FALSE,1,0,TRUE,"S0293689","LUAD"
"346","TCGA-50-8459-01",NA,NA,NA,NA,NA,NA,NA,NA,NA,NA,NA,NA,1,1,FALSE,1,1,FALSE,1,1,FALSE,1,1,FALSE,"S0293689","LUAD"
"347","TCGA-50-8460-01",NA,NA,NA,NA,NA,NA,NA,NA,NA,NA,NA,NA,1,1,FALSE,1,1,FALSE,1,1,FALSE,1,1,FALSE,"S0293689","LUAD"
"348","TCGA-53-7624-01",4,0,TRUE,4,0,TRUE,4,0,TRUE,2,0,TRUE,4,0,TRUE,4,0,TRUE,4,0,TRUE,2,0,TRUE,"S0293689","LUAD"
"349","TCGA-53-7626-01",1,0,TRUE,1,0,TRUE,1,0,TRUE,1,0,TRUE,1,0,TRUE,1,0,TRUE,1,0,TRUE,1,0,TRUE,"S0293689","LUAD"
"350","TCGA-53-7813-01",2,2,FALSE,2,2,FALSE,2,2,FALSE,NA,NA,NA,2,2,FALSE,2,2,FALSE,2,2,FALSE,1,1,FALSE,"S0293689","LUAD"
"351","TCGA-53-A4EZ-01",4,0,TRUE,4,0,TRUE,4,0,TRUE,3,0,TRUE,6,0,TRUE,6,0,TRUE,6,0,TRUE,4,0,TRUE,"S0293689","LUAD"
"352","TCGA-55-5899-01",3,0,TRUE,3,0,TRUE,3,0,TRUE,2,0,TRUE,3,0,TRUE,3,0,TRUE,3,0,TRUE,2,0,TRUE,"S0293689","LUAD"
"353","TCGA-55-6543-01",NA,NA,NA,NA,NA,NA,NA,NA,NA,NA,NA,NA,1,1,FALSE,1,1,FALSE,1,1,FALSE,1,1,FALSE,"S0293689","LUAD"
"354","TCGA-55-6642-01",3,0,TRUE,3,0,TRUE,3,0,TRUE,2,1,FALSE,3,0,TRUE,3,0,TRUE,3,0,TRUE,1,1,FALSE,"S0293689","LUAD"
"355","TCGA-55-6712-01",2,2,FALSE,2,2,FALSE,2,2,FALSE,2,0,TRUE,1,1,FALSE,1,1,FALSE,1,1,FALSE,1,0,TRUE,"S0293689","LUAD"
"356","TCGA-55-6968-01",1,0,TRUE,1,0,TRUE,1,0,TRUE,1,0,TRUE,1,0,TRUE,1,0,TRUE,1,0,TRUE,1,0,TRUE,"S0293689","LUAD"
"357","TCGA-55-6969-01",2,0,TRUE,2,0,TRUE,2,0,TRUE,2,1,FALSE,2,0,TRUE,2,0,TRUE,2,0,TRUE,1,0,TRUE,"S0293689","LUAD"
"358","TCGA-55-6970-01",NA,NA,NA,NA,NA,NA,NA,NA,NA,1,0,TRUE,2,2,FALSE,2,2,FALSE,2,2,FALSE,2,0,TRUE,"S0293689","LUAD"
"359","TCGA-55-6971-01",NA,NA,NA,NA,NA,NA,NA,NA,NA,2,1,FALSE,1,0,TRUE,1,0,TRUE,1,0,TRUE,2,0,TRUE,"S0293689","LUAD"
"360","TCGA-55-6972-01",3,1,FALSE,3,1,FALSE,3,1,FALSE,NA,NA,NA,3,1,FALSE,3,1,FALSE,3,1,FALSE,1,1,FALSE,"S0293689","LUAD"
"361","TCGA-55-6975-01",NA,NA,NA,NA,NA,NA,NA,NA,NA,1,0,TRUE,1,1,FALSE,1,1,FALSE,1,1,FALSE,1,0,TRUE,"S0293689","LUAD"
"362","TCGA-55-6978-01",2,0,TRUE,2,0,TRUE,2,0,TRUE,2,0,TRUE,2,0,TRUE,2,0,TRUE,2,0,TRUE,2,0,TRUE,"S0293689","LUAD"
"363","TCGA-55-6979-01",NA,NA,NA,NA,NA,NA,NA,NA,NA,1,0,TRUE,1,1,FALSE,1,1,FALSE,1,1,FALSE,1,0,TRUE,"S0293689","LUAD"
"364","TCGA-55-6980-01",2,0,TRUE,2,0,TRUE,2,0,TRUE,1,0,TRUE,2,0,TRUE,2,0,TRUE,2,0,TRUE,1,0,TRUE,"S0293689","LUAD"
"365","TCGA-55-6981-01",2,1,FALSE,2,1,FALSE,2,1,FALSE,2,0,TRUE,2,0,TRUE,2,0,TRUE,2,0,TRUE,1,0,TRUE,"S0293689","LUAD"
"366","TCGA-55-6982-01",NA,NA,NA,NA,NA,NA,NA,NA,NA,1,0,TRUE,2,0,TRUE,2,0,TRUE,2,0,TRUE,1,0,TRUE,"S0293689","LUAD"
"367","TCGA-55-6983-01",NA,NA,NA,NA,NA,NA,NA,NA,NA,NA,NA,NA,1,1,FALSE,1,1,FALSE,1,1,FALSE,1,1,FALSE,"S0293689","LUAD"
"368","TCGA-55-6984-01",2,2,FALSE,2,2,FALSE,2,2,FALSE,2,1,FALSE,1,1,FALSE,1,1,FALSE,1,1,FALSE,1,0,TRUE,"S0293689","LUAD"
"369","TCGA-55-6985-01",2,1,FALSE,2,1,FALSE,2,1,FALSE,1,0,TRUE,2,1,FALSE,2,1,FALSE,2,1,FALSE,1,0,TRUE,"S0293689","LUAD"
"370","TCGA-55-6986-01",NA,NA,NA,NA,NA,NA,NA,NA,NA,NA,NA,NA,1,1,FALSE,1,1,FALSE,1,1,FALSE,1,1,FALSE,"S0293689","LUAD"
"371","TCGA-55-6987-01",2,0,TRUE,2,0,TRUE,2,0,TRUE,NA,NA,NA,2,0,TRUE,2,0,TRUE,2,0,TRUE,1,0,TRUE,"S0293689","LUAD"
"372","TCGA-55-7284-01",NA,NA,NA,NA,NA,NA,NA,NA,NA,NA,NA,NA,2,1,FALSE,2,1,FALSE,2,1,FALSE,1,1,FALSE,"S0293689","LUAD"
"373","TCGA-55-7573-01",4,0,TRUE,4,0,TRUE,4,0,TRUE,2,0,TRUE,3,0,TRUE,3,0,TRUE,3,0,TRUE,1,0,TRUE,"S0293689","LUAD"
"374","TCGA-55-7724-01",NA,NA,NA,NA,NA,NA,NA,NA,NA,1,0,TRUE,1,0,TRUE,1,0,TRUE,1,0,TRUE,1,0,TRUE,"S0293689","LUAD"
"375","TCGA-55-7725-01",NA,NA,NA,NA,NA,NA,NA,NA,NA,NA,NA,NA,1,1,FALSE,1,1,FALSE,1,1,FALSE,1,1,FALSE,"S0293689","LUAD"
"376","TCGA-55-7726-01",3,0,TRUE,3,0,TRUE,3,0,TRUE,2,0,TRUE,2,0,TRUE,2,0,TRUE,2,0,TRUE,1,0,TRUE,"S0293689","LUAD"
"377","TCGA-55-7727-01",NA,NA,NA,NA,NA,NA,NA,NA,NA,1,0,TRUE,1,1,FALSE,1,1,FALSE,1,1,FALSE,1,0,TRUE,"S0293689","LUAD"
"378","TCGA-55-7728-01",NA,NA,NA,NA,NA,NA,NA,NA,NA,NA,NA,NA,1,1,FALSE,1,1,FALSE,1,1,FALSE,1,1,FALSE,"S0293689","LUAD"
"379","TCGA-55-7815-01",2,2,FALSE,2,2,FALSE,2,2,FALSE,2,2,FALSE,2,2,FALSE,2,2,FALSE,2,2,FALSE,2,2,FALSE,"S0293689","LUAD"
"380","TCGA-55-7903-01",NA,NA,NA,NA,NA,NA,NA,NA,NA,1,0,TRUE,2,2,FALSE,2,2,FALSE,2,2,FALSE,2,0,TRUE,"S0293689","LUAD"
"381","TCGA-55-7907-01",2,1,FALSE,2,1,FALSE,2,1,FALSE,5,0,TRUE,2,1,FALSE,2,1,FALSE,2,1,FALSE,5,0,TRUE,"S0293689","LUAD"
"382","TCGA-55-7910-01",3,0,TRUE,3,0,TRUE,3,0,TRUE,2,0,TRUE,3,0,TRUE,3,0,TRUE,3,0,TRUE,2,0,TRUE,"S0293689","LUAD"
"383","TCGA-55-7911-01",2,2,FALSE,2,2,FALSE,2,2,FALSE,2,0,TRUE,1,1,FALSE,1,1,FALSE,1,1,FALSE,1,0,TRUE,"S0293689","LUAD"
"384","TCGA-55-7913-01",2,1,FALSE,2,1,FALSE,2,1,FALSE,2,1,FALSE,2,0,TRUE,2,0,TRUE,2,0,TRUE,2,0,TRUE,"S0293689","LUAD"
"385","TCGA-55-7914-01",2,1,FALSE,2,1,FALSE,2,1,FALSE,1,0,TRUE,2,1,FALSE,2,1,FALSE,2,1,FALSE,1,0,TRUE,"S0293689","LUAD"
"386","TCGA-55-7994-01",3,1,FALSE,3,1,FALSE,3,1,FALSE,2,0,TRUE,3,1,FALSE,3,1,FALSE,3,1,FALSE,2,0,TRUE,"S0293689","LUAD"
"387","TCGA-55-7995-01",2,1,FALSE,2,1,FALSE,2,1,FALSE,2,0,TRUE,2,1,FALSE,2,1,FALSE,2,1,FALSE,2,0,TRUE,"S0293689","LUAD"
"388","TCGA-55-8085-01",3,0,TRUE,3,1,FALSE,3,1,FALSE,1,0,TRUE,3,0,TRUE,3,1,FALSE,3,1,FALSE,1,0,TRUE,"S0293689","LUAD"
"389","TCGA-55-8087-01",NA,NA,NA,NA,NA,NA,NA,NA,NA,NA,NA,NA,1,1,FALSE,1,1,FALSE,1,1,FALSE,1,1,FALSE,"S0293689","LUAD"
"390","TCGA-55-8089-01",1,0,TRUE,1,0,TRUE,1,0,TRUE,1,0,TRUE,1,1,FALSE,1,1,FALSE,1,1,FALSE,1,0,TRUE,"S0293689","LUAD"
"391","TCGA-55-8090-01",2,1,FALSE,2,1,FALSE,2,1,FALSE,2,2,FALSE,1,0,TRUE,1,0,TRUE,1,0,TRUE,1,1,FALSE,"S0293689","LUAD"
"392","TCGA-55-8091-01",1,0,TRUE,1,0,TRUE,1,0,TRUE,1,0,TRUE,1,0,TRUE,1,0,TRUE,1,0,TRUE,1,0,TRUE,"S0293689","LUAD"
"393","TCGA-55-8092-01",3,0,TRUE,3,0,TRUE,3,0,TRUE,3,0,TRUE,4,0,TRUE,4,0,TRUE,4,0,TRUE,3,0,TRUE,"S0293689","LUAD"
"394","TCGA-55-8094-01",2,1,FALSE,2,1,FALSE,2,1,FALSE,5,0,TRUE,2,1,FALSE,2,1,FALSE,2,1,FALSE,5,0,TRUE,"S0293689","LUAD"
"395","TCGA-55-8096-01",2,0,TRUE,2,0,TRUE,2,0,TRUE,2,0,TRUE,2,0,TRUE,2,0,TRUE,2,0,TRUE,1,0,TRUE,"S0293689","LUAD"
"396","TCGA-55-8097-01",NA,NA,NA,NA,NA,NA,NA,NA,NA,1,0,TRUE,2,1,FALSE,2,1,FALSE,2,1,FALSE,1,0,TRUE,"S0293689","LUAD"
"397","TCGA-55-8203-01",3,2,FALSE,3,2,FALSE,3,2,FALSE,2,2,FALSE,3,2,FALSE,3,2,FALSE,3,2,FALSE,2,2,FALSE,"S0293689","LUAD"
"398","TCGA-55-8204-01",2,0,TRUE,2,0,TRUE,2,0,TRUE,2,0,TRUE,2,0,TRUE,2,0,TRUE,2,0,TRUE,2,0,TRUE,"S0293689","LUAD"
"399","TCGA-55-8205-01",4,0,TRUE,4,0,TRUE,4,0,TRUE,2,0,TRUE,3,0,TRUE,3,0,TRUE,3,0,TRUE,1,0,TRUE,"S0293689","LUAD"
"400","TCGA-55-8206-01",2,2,FALSE,2,2,FALSE,2,2,FALSE,2,1,FALSE,2,2,FALSE,2,2,FALSE,2,2,FALSE,2,1,FALSE,"S0293689","LUAD"
"401","TCGA-55-8207-01",2,2,FALSE,2,2,FALSE,2,2,FALSE,2,0,TRUE,2,2,FALSE,2,2,FALSE,2,2,FALSE,2,0,TRUE,"S0293689","LUAD"
"402","TCGA-55-8208-01",2,1,FALSE,2,1,FALSE,2,1,FALSE,NA,NA,NA,2,1,FALSE,2,1,FALSE,2,1,FALSE,2,0,TRUE,"S0293689","LUAD"
"403","TCGA-55-8301-01",2,0,TRUE,2,0,TRUE,2,0,TRUE,2,0,TRUE,2,0,TRUE,2,0,TRUE,2,0,TRUE,2,0,TRUE,"S0293689","LUAD"
"404","TCGA-55-8302-01",NA,NA,NA,NA,NA,NA,NA,NA,NA,1,0,TRUE,1,1,FALSE,1,1,FALSE,1,1,FALSE,2,0,TRUE,"S0293689","LUAD"
"405","TCGA-55-8505-01",2,0,TRUE,2,0,TRUE,2,0,TRUE,NA,NA,NA,2,0,TRUE,2,0,TRUE,2,0,TRUE,1,1,FALSE,"S0293689","LUAD"
"406","TCGA-55-8506-01",2,1,FALSE,4,2,FALSE,4,1,FALSE,2,0,TRUE,1,0,TRUE,2,1,FALSE,2.5,0,TRUE,1,0,TRUE,"S0293689","LUAD"
"407","TCGA-55-8507-01",3,1,FALSE,3,0,TRUE,2,0,TRUE,3,0,TRUE,3,1,FALSE,2,1,FALSE,2,1,FALSE,3,0,TRUE,"S0293689","LUAD"
"408","TCGA-55-8508-01",2,1,FALSE,2,1,FALSE,2,1,FALSE,2,1,FALSE,3,1,FALSE,3,1,FALSE,3,1,FALSE,3,1,FALSE,"S0293689","LUAD"
"409","TCGA-55-8510-01",5,0,TRUE,3,0,TRUE,5,0,TRUE,2,0,TRUE,2,1,FALSE,2,1,FALSE,2,1,FALSE,2,0,TRUE,"S0293689","LUAD"
"410","TCGA-55-8511-01",2,0,TRUE,2,0,TRUE,2,0,TRUE,2,0,TRUE,2,0,TRUE,2,0,TRUE,2,0,TRUE,2,0,TRUE,"S0293689","LUAD"
"411","TCGA-55-8512-01",2,1,FALSE,2,1,FALSE,2,1,FALSE,NA,NA,NA,2,1,FALSE,2,1,FALSE,2,1,FALSE,1,1,FALSE,"S0293689","LUAD"
"412","TCGA-55-8513-01",NA,NA,NA,NA,NA,NA,NA,NA,NA,NA,NA,NA,1,1,FALSE,1,1,FALSE,1,1,FALSE,1,1,FALSE,"S0293689","LUAD"
"413","TCGA-55-8514-01",2,2,FALSE,2,2,FALSE,2,2,FALSE,2,0,TRUE,2,2,FALSE,2,2,FALSE,2,2,FALSE,2,0,TRUE,"S0293689","LUAD"
"414","TCGA-55-8614-01",3,2,FALSE,3,2,FALSE,3,2,FALSE,2,0,TRUE,2,1,FALSE,2,1,FALSE,2,1,FALSE,1,0,TRUE,"S0293689","LUAD"
"415","TCGA-55-8615-01",4,2,FALSE,4,2,FALSE,4,2,FALSE,3,2,FALSE,4,2,FALSE,4,2,FALSE,4,2,FALSE,3,2,FALSE,"S0293689","LUAD"
"416","TCGA-55-8616-01",2,2,FALSE,2,2,FALSE,2,2,FALSE,4,0,TRUE,1,1,FALSE,1,1,FALSE,1,1,FALSE,2,0,TRUE,"S0293689","LUAD"
"417","TCGA-55-8619-01",NA,NA,NA,NA,NA,NA,NA,NA,NA,NA,NA,NA,1,1,FALSE,1,1,FALSE,1,1,FALSE,1,0,TRUE,"S0293689","LUAD"
"418","TCGA-55-8620-01",2,1,FALSE,2,1,FALSE,2,1,FALSE,1,0,TRUE,2,1,FALSE,2,1,FALSE,2,1,FALSE,2,0,TRUE,"S0293689","LUAD"
"419","TCGA-55-8621-01",NA,NA,NA,NA,NA,NA,NA,NA,NA,NA,NA,NA,1,1,FALSE,1,1,FALSE,1,1,FALSE,1,1,FALSE,"S0293689","LUAD"
"420","TCGA-55-A48X-01",NA,NA,NA,NA,NA,NA,NA,NA,NA,1,0,TRUE,2,1,FALSE,2,1,FALSE,2,1,FALSE,1,0,TRUE,"S0293689","LUAD"
"421","TCGA-55-A48Y-01",NA,NA,NA,NA,NA,NA,NA,NA,NA,1,0,TRUE,2,1,FALSE,2,1,FALSE,2,1,FALSE,1,0,TRUE,"S0293689","LUAD"
"422","TCGA-55-A48Z-01",2,1,FALSE,2,1,FALSE,2,1,FALSE,1,0,TRUE,2,1,FALSE,2,1,FALSE,2,1,FALSE,1,0,TRUE,"S0293689","LUAD"
"423","TCGA-55-A490-01",2,2,FALSE,2,2,FALSE,2,2,FALSE,3,0,TRUE,2,2,FALSE,2,2,FALSE,2,2,FALSE,3,0,TRUE,"S0293689","LUAD"
"424","TCGA-55-A491-01",2,1,FALSE,2,1,FALSE,2,1,FALSE,2,0,TRUE,2,1,FALSE,2,1,FALSE,2,1,FALSE,2,0,TRUE,"S0293689","LUAD"
"425","TCGA-55-A492-01",2,2,FALSE,2,2,FALSE,2,2,FALSE,2,2,FALSE,1,1,FALSE,1,1,FALSE,1,1,FALSE,1,1,FALSE,"S0293689","LUAD"
"426","TCGA-55-A493-01",1,0,TRUE,NA,NA,NA,1,0,TRUE,1,0,TRUE,1,0,TRUE,1,0,TRUE,1,0,TRUE,1,0,TRUE,"S0293689","LUAD"
"427","TCGA-55-A494-01",2,2,FALSE,2,2,FALSE,2,2,FALSE,2,1,FALSE,3,2,FALSE,2,2,FALSE,2,2,FALSE,2,1,FALSE,"S0293689","LUAD"
"428","TCGA-55-A4DF-01",3,0,TRUE,3,0,TRUE,3,0,TRUE,3,0,TRUE,3,0,TRUE,3,0,TRUE,3,0,TRUE,3,0,TRUE,"S0293689","LUAD"
"429","TCGA-55-A4DG-01",4,0,TRUE,4,0,TRUE,4,0,TRUE,4,0,TRUE,4,0,TRUE,4,0,TRUE,4,0,TRUE,4,0,TRUE,"S0293689","LUAD"
"430","TCGA-55-A57B-01",1,0,TRUE,1,0,TRUE,1,0,TRUE,1,0,TRUE,1,1,FALSE,1,1,FALSE,1,1,FALSE,1,0,TRUE,"S0293689","LUAD"
"431","TCGA-62-8394-01",2,1,FALSE,2,1,FALSE,3,1,FALSE,2,0,TRUE,2,1,FALSE,2,1,FALSE,2,1,FALSE,2,0,TRUE,"S0293689","LUAD"
"432","TCGA-62-8395-01",NA,NA,NA,NA,NA,NA,NA,NA,NA,NA,NA,NA,1,1,FALSE,1,1,FALSE,1,1,FALSE,1,1,FALSE,"S0293689","LUAD"
"433","TCGA-62-8397-01",2,2,FALSE,2,2,FALSE,2,2,FALSE,2,0,TRUE,2,2,FALSE,2,2,FALSE,2,2,FALSE,2,0,TRUE,"S0293689","LUAD"
"434","TCGA-62-8398-01",2,1,FALSE,2,1,FALSE,2,1,FALSE,2,2,FALSE,3,2,FALSE,3,2,FALSE,3,2,FALSE,3,2,FALSE,"S0293689","LUAD"
"435","TCGA-62-8399-01",2,2,FALSE,2,2,FALSE,2,2,FALSE,2,0,TRUE,2,2,FALSE,2,2,FALSE,2,2,FALSE,2,0,TRUE,"S0293689","LUAD"
"436","TCGA-62-8402-01",5,0,TRUE,5,0,TRUE,5,0,TRUE,4,0,TRUE,5,0,TRUE,5,0,TRUE,5,0,TRUE,4,0,TRUE,"S0293689","LUAD"
"437","TCGA-62-A46O-01",2,1,FALSE,2,1,FALSE,2,1,FALSE,2,0,TRUE,2,1,FALSE,2,1,FALSE,2,1,FALSE,2,0,TRUE,"S0293689","LUAD"
"438","TCGA-62-A46P-01",NA,NA,NA,NA,NA,NA,NA,NA,NA,NA,NA,NA,1,1,FALSE,1,1,FALSE,1,1,FALSE,1,1,FALSE,"S0293689","LUAD"
"439","TCGA-62-A46R-01",2,0,TRUE,2,0,TRUE,2,0,TRUE,2,0,TRUE,2,0,TRUE,2,0,TRUE,2,0,TRUE,2,0,TRUE,"S0293689","LUAD"
"440","TCGA-62-A46S-01",2,2,FALSE,2,2,FALSE,2,2,FALSE,2,0,TRUE,1,1,FALSE,1,1,FALSE,1,1,FALSE,1,0,TRUE,"S0293689","LUAD"
"441","TCGA-62-A46U-01",5,2,FALSE,5,2,FALSE,5,2,FALSE,2,0,TRUE,3,1,FALSE,3,1,FALSE,3,1,FALSE,1,0,TRUE,"S0293689","LUAD"
"442","TCGA-62-A46V-01",2,1,FALSE,2,1,FALSE,2,1,FALSE,NA,NA,NA,2,1,FALSE,2,1,FALSE,2,1,FALSE,1,1,FALSE,"S0293689","LUAD"
"443","TCGA-62-A46Y-01",NA,NA,NA,NA,NA,NA,NA,NA,NA,2,0,TRUE,1,1,FALSE,1,1,FALSE,1,1,FALSE,2,0,TRUE,"S0293689","LUAD"
"444","TCGA-62-A470-01",2,2,FALSE,2,2,FALSE,2,2,FALSE,2,1,FALSE,2,2,FALSE,2,2,FALSE,2,2,FALSE,2,1,FALSE,"S0293689","LUAD"
"445","TCGA-62-A471-01",2,2,FALSE,2,2,FALSE,2,2,FALSE,3,0,TRUE,2,2,FALSE,2,2,FALSE,2,2,FALSE,3,0,TRUE,"S0293689","LUAD"
"446","TCGA-62-A472-01",2,0,TRUE,2,0,TRUE,2,0,TRUE,2,0,TRUE,1,0,TRUE,1,0,TRUE,1,0,TRUE,1,0,TRUE,"S0293689","LUAD"
"447","TCGA-64-1677-01",3,2,FALSE,3,2,FALSE,3,2,FALSE,2,1,FALSE,3,2,FALSE,3,2,FALSE,3,2,FALSE,2,1,FALSE,"S0293689","LUAD"
"448","TCGA-64-1679-01",2,2,FALSE,2,2,FALSE,2,2,FALSE,2,0,TRUE,1,1,FALSE,1,1,FALSE,1,1,FALSE,1,0,TRUE,"S0293689","LUAD"
"449","TCGA-64-1681-01",3,3,FALSE,3,3,FALSE,3,3,FALSE,4,0,TRUE,2,1,FALSE,2,1,FALSE,2,1,FALSE,2,0,TRUE,"S0293689","LUAD"
"450","TCGA-64-5774-01",2,1,FALSE,2,1,FALSE,2,1,FALSE,NA,NA,NA,2,1,FALSE,2,1,FALSE,2,1,FALSE,1,1,FALSE,"S0293689","LUAD"
"451","TCGA-64-5775-01",2,1,FALSE,2,1,FALSE,2,1,FALSE,3,0,TRUE,2,1,FALSE,2,1,FALSE,2,1,FALSE,3,0,TRUE,"S0293689","LUAD"
"452","TCGA-64-5778-01",NA,NA,NA,NA,NA,NA,NA,NA,NA,1,0,TRUE,1,1,FALSE,1,1,FALSE,1,1,FALSE,1,0,TRUE,"S0293689","LUAD"
"453","TCGA-64-5779-01",2,2,FALSE,2,2,FALSE,2,2,FALSE,2,0,TRUE,2,2,FALSE,2,2,FALSE,2,2,FALSE,2,0,TRUE,"S0293689","LUAD"
"454","TCGA-64-5781-01",1,0,TRUE,1,0,TRUE,1,0,TRUE,NA,NA,NA,2,0,TRUE,2,0,TRUE,2,0,TRUE,1,0,TRUE,"S0293689","LUAD"
"455","TCGA-64-5815-01",NA,NA,NA,NA,NA,NA,NA,NA,NA,1,0,TRUE,1,1,FALSE,1,1,FALSE,1,1,FALSE,1,0,TRUE,"S0293689","LUAD"
"456","TCGA-67-3772-01",NA,NA,NA,NA,NA,NA,NA,NA,NA,1,0,TRUE,1,1,FALSE,1,1,FALSE,1,1,FALSE,1,0,TRUE,"S0293689","LUAD"
"457","TCGA-67-4679-01",2,1,FALSE,2,1,FALSE,2,1,FALSE,NA,NA,NA,2,1,FALSE,2,1,FALSE,2,1,FALSE,1,1,FALSE,"S0293689","LUAD"
"458","TCGA-67-6215-01",2,1,FALSE,2,1,FALSE,2,1,FALSE,NA,NA,NA,2,1,FALSE,2,0,TRUE,2,0,TRUE,1,1,FALSE,"S0293689","LUAD"
"459","TCGA-67-6216-01",NA,NA,NA,NA,NA,NA,NA,NA,NA,NA,NA,NA,1,1,FALSE,1,1,FALSE,1,1,FALSE,1,1,FALSE,"S0293689","LUAD"
"460","TCGA-67-6217-01",6,0,TRUE,6,0,TRUE,6,0,TRUE,4,0,TRUE,2,0,TRUE,2,0,TRUE,2,0,TRUE,1,0,TRUE,"S0293689","LUAD"
"461","TCGA-69-7760-01",2,1,FALSE,2,1,FALSE,2,1,FALSE,2,0,TRUE,2,1,FALSE,2,1,FALSE,2,1,FALSE,2,0,TRUE,"S0293689","LUAD"
"462","TCGA-69-7761-01",2,2,FALSE,2,2,FALSE,2,2,FALSE,2,0,TRUE,1,1,FALSE,1,1,FALSE,1,1,FALSE,1,0,TRUE,"S0293689","LUAD"
"463","TCGA-69-7763-01",2,2,FALSE,2,2,FALSE,2,2,FALSE,2,0,TRUE,2,2,FALSE,2,2,FALSE,2,2,FALSE,2,0,TRUE,"S0293689","LUAD"
"464","TCGA-69-7764-01",NA,NA,NA,2,1,FALSE,2,1,FALSE,1,0,TRUE,3,2,FALSE,3,2,FALSE,3,2,FALSE,2,0,TRUE,"S0293689","LUAD"
"465","TCGA-69-7765-01",NA,NA,NA,NA,NA,NA,NA,NA,NA,1,0,TRUE,1,1,FALSE,1,1,FALSE,1,1,FALSE,1,0,TRUE,"S0293689","LUAD"
"466","TCGA-69-7973-01",2,1,FALSE,2,1,FALSE,2,1,FALSE,2,2,FALSE,2,1,FALSE,2,1,FALSE,2,1,FALSE,2,2,FALSE,"S0293689","LUAD"
"467","TCGA-69-7974-01",2,2,FALSE,2,2,FALSE,2,2,FALSE,2,0,TRUE,2,2,FALSE,2,2,FALSE,2,2,FALSE,2,0,TRUE,"S0293689","LUAD"
"468","TCGA-69-7978-01",2,1,FALSE,2,1,FALSE,2,1,FALSE,2,0,TRUE,1,1,FALSE,6,0,TRUE,1,1,FALSE,1,0,TRUE,"S0293689","LUAD"
"469","TCGA-69-7979-01",4,2,FALSE,4,2,FALSE,4,2,FALSE,4,0,TRUE,4,2,FALSE,4,2,FALSE,4,2,FALSE,4,0,TRUE,"S0293689","LUAD"
"470","TCGA-69-7980-01",4,0,TRUE,4,0,TRUE,4,0,TRUE,3,0,TRUE,5,1,FALSE,5,0,TRUE,5,0,TRUE,3,0,TRUE,"S0293689","LUAD"
"471","TCGA-69-8253-01",NA,NA,NA,NA,NA,NA,NA,NA,NA,2,1,FALSE,1,1,FALSE,1,1,FALSE,1,1,FALSE,2,1,FALSE,"S0293689","LUAD"
"472","TCGA-69-8254-01",NA,NA,NA,NA,NA,NA,NA,NA,NA,NA,NA,NA,1,1,FALSE,1,1,FALSE,1,1,FALSE,1,1,FALSE,"S0293689","LUAD"
"473","TCGA-69-8255-01",4,0,TRUE,4,0,TRUE,4,0,TRUE,2,0,TRUE,4,0,TRUE,4,0,TRUE,4,0,TRUE,2,0,TRUE,"S0293689","LUAD"
"474","TCGA-71-6725-01",4,0,TRUE,4,0,TRUE,4,0,TRUE,2,0,TRUE,4,0,TRUE,4,0,TRUE,4,0,TRUE,2,0,TRUE,"S0293689","LUAD"
"475","TCGA-73-4658-01",NA,NA,NA,NA,NA,NA,NA,NA,NA,NA,NA,NA,2,1,FALSE,2,1,FALSE,2,1,FALSE,1,0,TRUE,"S0293689","LUAD"
"476","TCGA-73-4659-01",2,1,FALSE,2,1,FALSE,2,1,FALSE,2,1,FALSE,2,1,FALSE,2,1,FALSE,2,1,FALSE,2,1,FALSE,"S0293689","LUAD"
"477","TCGA-73-4662-01",2,2,FALSE,2,2,FALSE,2,2,FALSE,2,1,FALSE,2,2,FALSE,2,2,FALSE,2,2,FALSE,2,1,FALSE,"S0293689","LUAD"
"478","TCGA-73-4666-01",4,0,TRUE,4,0,TRUE,4,0,TRUE,2,2,FALSE,4,0,TRUE,NA,NA,NA,4,0,TRUE,4,0,TRUE,"S0293689","LUAD"
"479","TCGA-73-4668-01",3,2,FALSE,3,2,FALSE,3,2,FALSE,2,0,TRUE,3,2,FALSE,3,2,FALSE,3,2,FALSE,2,0,TRUE,"S0293689","LUAD"
"480","TCGA-73-4670-01",3,2,FALSE,3,2,FALSE,3,2,FALSE,2,0,TRUE,3,2,FALSE,3,2,FALSE,3,2,FALSE,2,0,TRUE,"S0293689","LUAD"
"481","TCGA-73-4675-01",2,0,TRUE,2,0,TRUE,2,0,TRUE,2,2,FALSE,2,0,TRUE,2,0,TRUE,2,0,TRUE,2,2,FALSE,"S0293689","LUAD"
"482","TCGA-73-4676-01",1,0,TRUE,1,0,TRUE,1,0,TRUE,1,0,TRUE,2,0,TRUE,2,0,TRUE,2,0,TRUE,2,0,TRUE,"S0293689","LUAD"
"483","TCGA-73-4677-01",3,2,FALSE,3,2,FALSE,3,2,FALSE,2,1,FALSE,5,2,FALSE,5,2,FALSE,5,2,FALSE,2,1,FALSE,"S0293689","LUAD"
"484","TCGA-73-7498-01",2,1,FALSE,2,1,FALSE,2,1,FALSE,NA,NA,NA,4,2,FALSE,4,2,FALSE,4,2,FALSE,2,2,FALSE,"S0293689","LUAD"
"485","TCGA-73-7499-01",4,0,TRUE,4,0,TRUE,4,0,TRUE,2,0,TRUE,4,0,TRUE,4,0,TRUE,4,0,TRUE,2,0,TRUE,"S0293689","LUAD"
"486","TCGA-73-A9RS-01",2,1,FALSE,2,1,FALSE,2,1,FALSE,2,0,TRUE,2,1,FALSE,2,1,FALSE,2,1,FALSE,2,0,TRUE,"S0293689","LUAD"
"487","TCGA-75-5122-01",NA,NA,NA,NA,NA,NA,NA,NA,NA,1,0,TRUE,2,1,FALSE,2,1,FALSE,2,1,FALSE,1,1,FALSE,"S0293689","LUAD"
"488","TCGA-75-5125-01",3,1,FALSE,3,1,FALSE,3,1,FALSE,2,0,TRUE,3,0,TRUE,3,0,TRUE,3,0,TRUE,2,0,TRUE,"S0293689","LUAD"
"489","TCGA-75-5126-01",2,0,TRUE,2,0,TRUE,2,0,TRUE,NA,NA,NA,1,1,FALSE,1,1,FALSE,1,1,FALSE,1,0,TRUE,"S0293689","LUAD"
"490","TCGA-75-5146-01",NA,NA,NA,NA,NA,NA,NA,NA,NA,NA,NA,NA,1,1,FALSE,1,1,FALSE,1,1,FALSE,1,1,FALSE,"S0293689","LUAD"
"491","TCGA-75-5147-01",2,1,FALSE,2,1,FALSE,2,1,FALSE,2,0,TRUE,2,1,FALSE,2,1,FALSE,2,1,FALSE,2,0,TRUE,"S0293689","LUAD"
"492","TCGA-75-6203-01",NA,NA,NA,NA,NA,NA,NA,NA,NA,NA,NA,NA,1,1,FALSE,1,1,FALSE,1,1,FALSE,1,1,FALSE,"S0293689","LUAD"
"493","TCGA-75-6205-01",1,0,TRUE,1,0,TRUE,1,0,TRUE,0,0,TRUE,1,0,TRUE,1,0,TRUE,1,0,TRUE,1,0,TRUE,"S0293689","LUAD"
"494","TCGA-75-6207-01",NA,NA,NA,NA,NA,NA,NA,NA,NA,1,0,TRUE,1,1,FALSE,1,1,FALSE,1,1,FALSE,1,0,TRUE,"S0293689","LUAD"
"495","TCGA-75-6211-01",NA,NA,NA,NA,NA,NA,NA,NA,NA,3,0,TRUE,2,1,FALSE,2,1,FALSE,2,1,FALSE,3,0,TRUE,"S0293689","LUAD"
"496","TCGA-75-6212-01",2,1,FALSE,2,1,FALSE,2,1,FALSE,NA,NA,NA,2,1,FALSE,2,1,FALSE,2,1,FALSE,1,1,FALSE,"S0293689","LUAD"
"497","TCGA-75-6214-01",2,1,FALSE,2,1,FALSE,2,1,FALSE,2,0,TRUE,2,1,FALSE,2,1,FALSE,2,1,FALSE,2,0,TRUE,"S0293689","LUAD"
"498","TCGA-75-7025-01",2,1,FALSE,2,1,FALSE,2,1,FALSE,2,1,FALSE,1,0,TRUE,1,0,TRUE,1,0,TRUE,1,0,TRUE,"S0293689","LUAD"
"499","TCGA-75-7027-01",2,1,FALSE,2,1,FALSE,2,1,FALSE,2,1,FALSE,2,1,FALSE,2,1,FALSE,2,1,FALSE,2,1,FALSE,"S0293689","LUAD"
"500","TCGA-75-7031-01",2,2,FALSE,2,2,FALSE,2,2,FALSE,2,0,TRUE,2,2,FALSE,2,2,FALSE,2,2,FALSE,3,0,TRUE,"S0293689","LUAD"
"501","TCGA-78-7145-01",2,1,FALSE,2,1,FALSE,2,1,FALSE,2,0,TRUE,2,1,FALSE,2,1,FALSE,2,1,FALSE,2,0,TRUE,"S0293689","LUAD"
"502","TCGA-78-7146-01",3,0,TRUE,3,0,TRUE,3,0,TRUE,2,0,TRUE,3,0,TRUE,3,0,TRUE,3,0,TRUE,2,0,TRUE,"S0293689","LUAD"
"503","TCGA-78-7147-01",2,2,FALSE,2,2,FALSE,2,2,FALSE,2,0,TRUE,2,2,FALSE,2,2,FALSE,2,2,FALSE,2,0,TRUE,"S0293689","LUAD"
"504","TCGA-78-7148-01",NA,NA,NA,NA,NA,NA,NA,NA,NA,NA,NA,NA,1,1,FALSE,1,1,FALSE,1,1,FALSE,1,1,FALSE,"S0293689","LUAD"
"505","TCGA-78-7149-01",3,2,FALSE,3,2,FALSE,3,2,FALSE,2,2,FALSE,3,2,FALSE,3,2,FALSE,3,2,FALSE,2,2,FALSE,"S0293689","LUAD"
"506","TCGA-78-7150-01",2,1,FALSE,2,1,FALSE,2,1,FALSE,2,0,TRUE,2,1,FALSE,2,1,FALSE,2,1,FALSE,2,0,TRUE,"S0293689","LUAD"
"507","TCGA-78-7152-01",NA,NA,NA,NA,NA,NA,NA,NA,NA,NA,NA,NA,1,1,FALSE,1,1,FALSE,1,1,FALSE,1,1,FALSE,"S0293689","LUAD"
"508","TCGA-78-7153-01",2,1,FALSE,2,1,FALSE,2,1,FALSE,2,2,FALSE,1,0,TRUE,1,0,TRUE,1,0,TRUE,1,1,FALSE,"S0293689","LUAD"
"509","TCGA-78-7154-01",2,0,TRUE,2,0,TRUE,2,0,TRUE,3,0,TRUE,2,1,FALSE,2,0,TRUE,2,0,TRUE,3,0,TRUE,"S0293689","LUAD"
"510","TCGA-78-7155-01",3,1,FALSE,3,1,FALSE,3,1,FALSE,5,0,TRUE,3,1,FALSE,3,1,FALSE,3,1,FALSE,3,0,TRUE,"S0293689","LUAD"
"511","TCGA-78-7156-01",NA,NA,NA,NA,NA,NA,NA,NA,NA,NA,NA,NA,1,1,FALSE,1,1,FALSE,1,1,FALSE,1,1,FALSE,"S0293689","LUAD"
"512","TCGA-78-7158-01",2,1,FALSE,2,1,FALSE,2,1,FALSE,NA,NA,NA,2,1,FALSE,2,1,FALSE,2,1,FALSE,1,1,FALSE,"S0293689","LUAD"
"513","TCGA-78-7159-01",2,2,FALSE,2,2,FALSE,2,2,FALSE,2,1,FALSE,2,1,FALSE,1,1,FALSE,2,1,FALSE,1,1,FALSE,"S0293689","LUAD"
"514","TCGA-78-7160-01",1,0,TRUE,1,0,TRUE,1,0,TRUE,NA,NA,NA,3,0,TRUE,3,0,TRUE,3,0,TRUE,1,1,FALSE,"S0293689","LUAD"
"515","TCGA-78-7161-01",2,2,FALSE,2,2,FALSE,2,2,FALSE,2,1,FALSE,2,2,FALSE,2,2,FALSE,2,2,FALSE,2,1,FALSE,"S0293689","LUAD"
"516","TCGA-78-7162-01",3,1,FALSE,3,1,FALSE,3,1,FALSE,NA,NA,NA,3,1,FALSE,3,1,FALSE,3,1,FALSE,1,1,FALSE,"S0293689","LUAD"
"517","TCGA-78-7163-01",NA,NA,NA,NA,NA,NA,NA,NA,NA,NA,NA,NA,1,1,FALSE,1,1,FALSE,1,1,FALSE,1,1,FALSE,"S0293689","LUAD"
"518","TCGA-78-7166-01",NA,NA,NA,NA,NA,NA,NA,NA,NA,NA,NA,NA,1,1,FALSE,1,1,FALSE,1,1,FALSE,1,1,FALSE,"S0293689","LUAD"
"519","TCGA-78-7167-01",2,2,FALSE,2,2,FALSE,2,2,FALSE,2,2,FALSE,2,2,FALSE,2,2,FALSE,2,2,FALSE,2,2,FALSE,"S0293689","LUAD"
"520","TCGA-78-7220-01",2,1,FALSE,2,1,FALSE,2,1,FALSE,4,0,TRUE,2,1,FALSE,2,1,FALSE,2,1,FALSE,4,0,TRUE,"S0293689","LUAD"
"521","TCGA-78-7535-01",2,0,TRUE,2,0,TRUE,2,0,TRUE,2,0,TRUE,3,0,TRUE,2,0,TRUE,2,0,TRUE,2,0,TRUE,"S0293689","LUAD"
"522","TCGA-78-7536-01",3,0,TRUE,3,0,TRUE,3,0,TRUE,2,0,TRUE,3,0,TRUE,3,0,TRUE,3,0,TRUE,2,0,TRUE,"S0293689","LUAD"
"523","TCGA-78-7537-01",NA,NA,NA,NA,NA,NA,NA,NA,NA,NA,NA,NA,1,1,FALSE,1,1,FALSE,1,1,FALSE,1,1,FALSE,"S0293689","LUAD"
"524","TCGA-78-7539-01",3,2,FALSE,3,2,FALSE,3,2,FALSE,NA,NA,NA,3,2,FALSE,3,2,FALSE,3,2,FALSE,1,1,FALSE,"S0293689","LUAD"
"525","TCGA-78-7540-01",NA,NA,NA,NA,NA,NA,NA,NA,NA,1,0,TRUE,1,1,FALSE,1,1,FALSE,1,1,FALSE,1,0,TRUE,"S0293689","LUAD"
"526","TCGA-78-7542-01",3,2,FALSE,3,2,FALSE,3,2,FALSE,4,0,TRUE,3,2,FALSE,3,2,FALSE,3,2,FALSE,4,0,TRUE,"S0293689","LUAD"
"527","TCGA-78-7633-01",2,1,FALSE,2,1,FALSE,2,1,FALSE,NA,NA,NA,2,1,FALSE,2,1,FALSE,2,1,FALSE,1,1,FALSE,"S0293689","LUAD"
"528","TCGA-78-8640-01",2,1,FALSE,2,1,FALSE,2,1,FALSE,1,0,TRUE,2,1,FALSE,2,1,FALSE,2,1,FALSE,1,0,TRUE,"S0293689","LUAD"
"529","TCGA-78-8655-01",4,2,FALSE,4,2,FALSE,4,2,FALSE,2,2,FALSE,2,1,FALSE,2,1,FALSE,2,1,FALSE,1,1,FALSE,"S0293689","LUAD"
"530","TCGA-78-8660-01",NA,NA,NA,NA,NA,NA,NA,NA,NA,1,0,TRUE,1,0,TRUE,1,0,TRUE,1,0,TRUE,2,0,TRUE,"S0293689","LUAD"
"531","TCGA-78-8662-01",2,2,FALSE,2,2,FALSE,2,2,FALSE,3,0,TRUE,2,2,FALSE,2,2,FALSE,2,2,FALSE,3,0,TRUE,"S0293689","LUAD"
"532","TCGA-80-5607-01",3,1,FALSE,3,1,FALSE,3,1,FALSE,NA,NA,NA,3,1,FALSE,4,1,FALSE,4,1,FALSE,1,1,FALSE,"S0293689","LUAD"
"533","TCGA-80-5608-01",2,1,FALSE,2,1,FALSE,2,1,FALSE,2,0,TRUE,2,1,FALSE,2,1,FALSE,2,1,FALSE,2,0,TRUE,"S0293689","LUAD"
"534","TCGA-80-5611-01",3,0,TRUE,3,0,TRUE,3,0,TRUE,1,0,TRUE,3,0,TRUE,3,0,TRUE,3,0,TRUE,2,0,TRUE,"S0293689","LUAD"
"535","TCGA-83-5908-01",NA,NA,NA,1,0,TRUE,1,0,TRUE,1,0,TRUE,2,1,FALSE,2,1,FALSE,2,1,FALSE,2,0,TRUE,"S0293689","LUAD"
"536","TCGA-86-6562-01",2,1,FALSE,2,1,FALSE,2,1,FALSE,2,2,FALSE,2,1,FALSE,2,1,FALSE,2,1,FALSE,2,2,FALSE,"S0293689","LUAD"
"537","TCGA-86-6851-01",2,2,FALSE,2,2,FALSE,2,2,FALSE,2,0,TRUE,2,2,FALSE,2,2,FALSE,2,2,FALSE,2,0,TRUE,"S0293689","LUAD"
"538","TCGA-86-7701-01",2,0,TRUE,2,0,TRUE,2,0,TRUE,2,0,TRUE,3,0,TRUE,3,0,TRUE,3,0,TRUE,3,0,TRUE,"S0293689","LUAD"
"539","TCGA-86-7714-01",NA,NA,NA,NA,NA,NA,NA,NA,NA,NA,NA,NA,1,1,FALSE,1,1,FALSE,1,1,FALSE,1,1,FALSE,"S0293689","LUAD"
"540","TCGA-86-7953-01",2,0,TRUE,2,0,TRUE,2,0,TRUE,2,0,TRUE,2,0,TRUE,2,0,TRUE,2,0,TRUE,2,0,TRUE,"S0293689","LUAD"
"541","TCGA-86-7954-01",3,2,FALSE,3,2,FALSE,3,2,FALSE,3,0,TRUE,3,2,FALSE,3,2,FALSE,3,2,FALSE,3,0,TRUE,"S0293689","LUAD"
"542","TCGA-86-7955-01",2,0,TRUE,2,0,TRUE,2,0,TRUE,2,0,TRUE,2,0,TRUE,2,0,TRUE,2,0,TRUE,2,0,TRUE,"S0293689","LUAD"
"543","TCGA-86-8054-01",2,1,FALSE,2,1,FALSE,2,1,FALSE,2,1,FALSE,2,1,FALSE,2,1,FALSE,2,1,FALSE,2,1,FALSE,"S0293689","LUAD"
"544","TCGA-86-8055-01",3,0,TRUE,3,0,TRUE,3,0,TRUE,2,0,TRUE,2,0,TRUE,2,0,TRUE,2,0,TRUE,1,0,TRUE,"S0293689","LUAD"
"545","TCGA-86-8056-01",2,2,FALSE,2,2,FALSE,2,2,FALSE,2,0,TRUE,1,1,FALSE,1,1,FALSE,1,1,FALSE,1,0,TRUE,"S0293689","LUAD"
"546","TCGA-86-8073-01",NA,NA,NA,NA,NA,NA,NA,NA,NA,1,0,TRUE,1,1,FALSE,1,1,FALSE,1,1,FALSE,1,0,TRUE,"S0293689","LUAD"
"547","TCGA-86-8074-01",5,0,TRUE,5,0,TRUE,5,0,TRUE,4,0,TRUE,3,0,TRUE,3,0,TRUE,3,0,TRUE,3,0,TRUE,"S0293689","LUAD"
"548","TCGA-86-8075-01",5,1,FALSE,5,1,FALSE,5,1,FALSE,2,0,TRUE,3,1,FALSE,3,1,FALSE,3,1,FALSE,1,0,TRUE,"S0293689","LUAD"
"549","TCGA-86-8076-01",NA,NA,NA,NA,NA,NA,NA,NA,NA,NA,NA,NA,1,1,FALSE,1,1,FALSE,1,1,FALSE,1,1,FALSE,"S0293689","LUAD"
"550","TCGA-86-8278-01",NA,NA,NA,NA,NA,NA,NA,NA,NA,1,0,TRUE,1,1,FALSE,1,1,FALSE,1,1,FALSE,1,0,TRUE,"S0293689","LUAD"
"551","TCGA-86-8279-01",7,1,FALSE,7,1,FALSE,7,1,FALSE,3,0,TRUE,5,1,FALSE,5,1,FALSE,5,1,FALSE,2,0,TRUE,"S0293689","LUAD"
"552","TCGA-86-8280-01",3,1,FALSE,3,1,FALSE,3,1,FALSE,2,0,TRUE,3,1,FALSE,3,1,FALSE,3,1,FALSE,2,0,TRUE,"S0293689","LUAD"
"553","TCGA-86-8281-01",2,1,FALSE,2,1,FALSE,2,1,FALSE,NA,NA,NA,2,1,FALSE,2,1,FALSE,2,1,FALSE,1,1,FALSE,"S0293689","LUAD"
"554","TCGA-86-8358-01",6,0,TRUE,6,0,TRUE,6,0,TRUE,2,0,TRUE,7,0,TRUE,7,0,TRUE,7,0,TRUE,2,0,TRUE,"S0293689","LUAD"
"555","TCGA-86-8359-01",3,0,TRUE,3,0,TRUE,3,0,TRUE,2,1,FALSE,3,0,TRUE,3,0,TRUE,3,0,TRUE,2,1,FALSE,"S0293689","LUAD"
"556","TCGA-86-8585-01",2,0,TRUE,2,0,TRUE,2,0,TRUE,2,0,TRUE,2,0,TRUE,2,0,TRUE,2,0,TRUE,2,0,TRUE,"S0293689","LUAD"
"557","TCGA-86-8668-01",2,2,FALSE,2,2,FALSE,2,2,FALSE,2,0,TRUE,1,1,FALSE,1,1,FALSE,1,1,FALSE,1,0,TRUE,"S0293689","LUAD"
"558","TCGA-86-8669-01",2,2,FALSE,2,2,FALSE,2,2,FALSE,2,1,FALSE,2,2,FALSE,2,2,FALSE,2,2,FALSE,2,1,FALSE,"S0293689","LUAD"
"559","TCGA-86-8671-01",NA,NA,NA,NA,NA,NA,NA,NA,NA,NA,NA,NA,2,0,TRUE,2,0,TRUE,2,0,TRUE,1,0,TRUE,"S0293689","LUAD"
"560","TCGA-86-8672-01",3,1,FALSE,3,1,FALSE,3,1,FALSE,2,0,TRUE,3,0,TRUE,4,1,FALSE,4,1,FALSE,3,0,TRUE,"S0293689","LUAD"
"561","TCGA-86-8673-01",2,0,TRUE,2,0,TRUE,2,0,TRUE,2,0,TRUE,2,0,TRUE,2,0,TRUE,2,0,TRUE,2,0,TRUE,"S0293689","LUAD"
"562","TCGA-86-8674-01",2,1,FALSE,2,1,FALSE,2,1,FALSE,NA,NA,NA,2,1,FALSE,2,1,FALSE,2,1,FALSE,1,1,FALSE,"S0293689","LUAD"
"563","TCGA-86-A456-01",NA,NA,NA,NA,NA,NA,NA,NA,NA,1,0,TRUE,1,1,FALSE,1,1,FALSE,1,1,FALSE,1,0,TRUE,"S0293689","LUAD"
"564","TCGA-86-A4D0-01",NA,NA,NA,NA,NA,NA,NA,NA,NA,NA,NA,NA,2,1,FALSE,2,1,FALSE,2,1,FALSE,1,1,FALSE,"S0293689","LUAD"
"565","TCGA-86-A4JF-01",2,2,FALSE,2,2,FALSE,2,2,FALSE,NA,NA,NA,1,1,FALSE,1,1,FALSE,1,1,FALSE,1,0,TRUE,"S0293689","LUAD"
"566","TCGA-86-A4P7-01",NA,NA,NA,NA,NA,NA,NA,NA,NA,NA,NA,NA,2,1,FALSE,2,1,FALSE,2,1,FALSE,1,0,TRUE,"S0293689","LUAD"
"567","TCGA-86-A4P8-01",NA,NA,NA,NA,NA,NA,NA,NA,NA,NA,NA,NA,1,1,FALSE,1,1,FALSE,1,1,FALSE,1,1,FALSE,"S0293689","LUAD"
"568","TCGA-91-6829-01",3,0,TRUE,3,0,TRUE,3,0,TRUE,2,0,TRUE,3,0,TRUE,3,0,TRUE,3,0,TRUE,2,0,TRUE,"S0293689","LUAD"
"569","TCGA-91-6830-01",NA,NA,NA,NA,NA,NA,NA,NA,NA,NA,NA,NA,1,1,FALSE,1,1,FALSE,1,1,FALSE,1,1,FALSE,"S0293689","LUAD"
"570","TCGA-91-6831-01",3,1,FALSE,3,1,FALSE,3,1,FALSE,2,0,TRUE,3,1,FALSE,3,1,FALSE,3,1,FALSE,2,0,TRUE,"S0293689","LUAD"
"571","TCGA-91-6835-01",NA,NA,NA,NA,NA,NA,NA,NA,NA,1,0,TRUE,2,1,FALSE,2,1,FALSE,2,1,FALSE,1,0,TRUE,"S0293689","LUAD"
"572","TCGA-91-6836-01",2,0,TRUE,2,0,TRUE,2,0,TRUE,2,0,TRUE,2,0,TRUE,2,0,TRUE,2,0,TRUE,2,0,TRUE,"S0293689","LUAD"
"573","TCGA-91-6840-01",3,2,FALSE,3,2,FALSE,3,2,FALSE,2,0,TRUE,3,2,FALSE,3,2,FALSE,3,2,FALSE,2,0,TRUE,"S0293689","LUAD"
"574","TCGA-91-6847-01",2,2,FALSE,2,2,FALSE,2,2,FALSE,2,0,TRUE,3,2,FALSE,3,2,FALSE,3,2,FALSE,2,0,TRUE,"S0293689","LUAD"
"575","TCGA-91-6848-01",3,1,FALSE,3,1,FALSE,3,1,FALSE,3,0,TRUE,2,1,FALSE,2,1,FALSE,2,1,FALSE,2,0,TRUE,"S0293689","LUAD"
"576","TCGA-91-6849-01",NA,NA,NA,NA,NA,NA,NA,NA,NA,NA,NA,NA,1,1,FALSE,1,1,FALSE,1,1,FALSE,1,1,FALSE,"S0293689","LUAD"
"577","TCGA-91-7771-01",3,2,FALSE,3,2,FALSE,3,2,FALSE,2,2,FALSE,1,1,FALSE,1,1,FALSE,1,1,FALSE,1,0,TRUE,"S0293689","LUAD"
"578","TCGA-91-8496-01",NA,NA,NA,NA,NA,NA,NA,NA,NA,NA,NA,NA,1,1,FALSE,1,1,FALSE,1,1,FALSE,1,1,FALSE,"S0293689","LUAD"
"579","TCGA-91-8497-01",NA,NA,NA,NA,NA,NA,NA,NA,NA,NA,NA,NA,1,1,FALSE,1,1,FALSE,1,1,FALSE,1,1,FALSE,"S0293689","LUAD"
"580","TCGA-91-8499-01",2,1,FALSE,2,1,FALSE,2,1,FALSE,3,0,TRUE,2,1,FALSE,2,1,FALSE,2,1,FALSE,3,0,TRUE,"S0293689","LUAD"
"581","TCGA-91-A4BC-01",3,0,TRUE,3,0,TRUE,3,0,TRUE,3,0,TRUE,2,0,TRUE,2,0,TRUE,2,0,TRUE,3,0,TRUE,"S0293689","LUAD"
"582","TCGA-91-A4BD-01",NA,NA,NA,NA,NA,NA,NA,NA,NA,NA,NA,NA,1,1,FALSE,1,1,FALSE,1,1,FALSE,1,1,FALSE,"S0293689","LUAD"
"583","TCGA-93-7347-01",NA,NA,NA,NA,NA,NA,NA,NA,NA,1,0,TRUE,1,0,TRUE,1,0,TRUE,1,0,TRUE,1,0,TRUE,"S0293689","LUAD"
"584","TCGA-93-A4JN-01",2,2,FALSE,2,2,FALSE,2,2,FALSE,2,0,TRUE,3,2,FALSE,3,2,FALSE,3,2,FALSE,2,0,TRUE,"S0293689","LUAD"
"585","TCGA-93-A4JO-01",2,0,TRUE,2,0,TRUE,2,0,TRUE,1,0,TRUE,2,0,TRUE,2,0,TRUE,2,0,TRUE,1,0,TRUE,"S0293689","LUAD"
"586","TCGA-93-A4JQ-01",2,0,TRUE,2,0,TRUE,2,0,TRUE,NA,NA,NA,2,0,TRUE,2,0,TRUE,2,0,TRUE,1,0,TRUE,"S0293689","LUAD"
"587","TCGA-95-7039-01",4,2,FALSE,4,2,FALSE,4,2,FALSE,4,0,TRUE,2,1,FALSE,2,1,FALSE,2,1,FALSE,2,0,TRUE,"S0293689","LUAD"
"588","TCGA-95-7043-01",3,0,TRUE,3,0,TRUE,3,0,TRUE,4,0,TRUE,3,0,TRUE,3,0,TRUE,3,0,TRUE,4,0,TRUE,"S0293689","LUAD"
"589","TCGA-95-7562-01",3,1,FALSE,3,1,FALSE,3,1,FALSE,3,0,TRUE,3,1,FALSE,3,1,FALSE,3,1,FALSE,3,0,TRUE,"S0293689","LUAD"
"590","TCGA-95-7567-01",3,0,TRUE,3,0,TRUE,3,0,TRUE,2,0,TRUE,3,0,TRUE,3,0,TRUE,3,0,TRUE,2,0,TRUE,"S0293689","LUAD"
"591","TCGA-95-7944-01",NA,NA,NA,NA,NA,NA,NA,NA,NA,1,0,TRUE,1,1,FALSE,1,1,FALSE,1,1,FALSE,1,0,TRUE,"S0293689","LUAD"
"592","TCGA-95-7947-01",NA,NA,NA,NA,NA,NA,NA,NA,NA,1,0,TRUE,1,1,FALSE,1,1,FALSE,1,1,FALSE,1,0,TRUE,"S0293689","LUAD"
"593","TCGA-95-8039-01",NA,NA,NA,NA,NA,NA,NA,NA,NA,1,0,TRUE,1,1,FALSE,1,1,FALSE,1,1,FALSE,1,0,TRUE,"S0293689","LUAD"
"594","TCGA-95-8494-01",2,0,TRUE,2,0,TRUE,2,0,TRUE,2,0,TRUE,2,0,TRUE,2,0,TRUE,2,0,TRUE,2,0,TRUE,"S0293689","LUAD"
"595","TCGA-95-A4VK-01",3,0,TRUE,NA,NA,NA,3,0,TRUE,NA,NA,NA,1,1,FALSE,1,1,FALSE,1,1,FALSE,1,1,FALSE,"S0293689","LUAD"
"596","TCGA-95-A4VN-01",5,0,TRUE,6,0,TRUE,5,0,TRUE,NA,NA,NA,2,1,FALSE,2,1,FALSE,2,1,FALSE,1,0,TRUE,"S0293689","LUAD"
"597","TCGA-95-A4VP-01",2,1,FALSE,2,1,FALSE,2,1,FALSE,NA,NA,NA,2,1,FALSE,2,1,FALSE,2,1,FALSE,1,1,FALSE,"S0293689","LUAD"
"598","TCGA-97-7546-01",NA,NA,NA,NA,NA,NA,NA,NA,NA,NA,NA,NA,2,1,FALSE,2,1,FALSE,2,1,FALSE,2,0,TRUE,"S0293689","LUAD"
"599","TCGA-97-7547-01",2,0,TRUE,2,0,TRUE,2,0,TRUE,2,1,FALSE,2,0,TRUE,2,0,TRUE,2,0,TRUE,2,1,FALSE,"S0293689","LUAD"
"600","TCGA-97-7552-01",NA,NA,NA,NA,NA,NA,NA,NA,NA,NA,NA,NA,1,1,FALSE,1,1,FALSE,1,1,FALSE,1,1,FALSE,"S0293689","LUAD"
"601","TCGA-97-7553-01",2,1,FALSE,2,1,FALSE,2,1,FALSE,1,0,TRUE,5,1,FALSE,2,2,FALSE,2,2,FALSE,2,0,TRUE,"S0293689","LUAD"
"602","TCGA-97-7554-01",7,3,FALSE,7,3,FALSE,7,3,FALSE,3,0,TRUE,5,1,FALSE,5,1,FALSE,5,1,FALSE,1,0,TRUE,"S0293689","LUAD"
"603","TCGA-97-7937-01",NA,NA,NA,NA,NA,NA,NA,NA,NA,NA,NA,NA,2,2,FALSE,2,2,FALSE,2,2,FALSE,2,1,FALSE,"S0293689","LUAD"
"604","TCGA-97-7938-01",2,1,FALSE,2,1,FALSE,2,1,FALSE,1,0,TRUE,2,1,FALSE,2,1,FALSE,2,1,FALSE,1,0,TRUE,"S0293689","LUAD"
"605","TCGA-97-7941-01",NA,NA,NA,NA,NA,NA,NA,NA,NA,NA,NA,NA,1,1,FALSE,1,1,FALSE,1,1,FALSE,1,1,FALSE,"S0293689","LUAD"
"606","TCGA-97-8171-01",3,1,FALSE,3,1,FALSE,3,1,FALSE,NA,NA,NA,3,1,FALSE,3,1,FALSE,3,1,FALSE,1,1,FALSE,"S0293689","LUAD"
"607","TCGA-97-8172-01",2,2,FALSE,2,2,FALSE,2,2,FALSE,2,2,FALSE,1,1,FALSE,1,1,FALSE,1,1,FALSE,1,1,FALSE,"S0293689","LUAD"
"608","TCGA-97-8174-01",5,2,FALSE,5,2,FALSE,5,2,FALSE,2,2,FALSE,5,2,FALSE,5,2,FALSE,5,2,FALSE,2,2,FALSE,"S0293689","LUAD"
"609","TCGA-97-8175-01",NA,NA,NA,NA,NA,NA,NA,NA,NA,1,0,TRUE,1,1,FALSE,1,1,FALSE,1,1,FALSE,1,0,TRUE,"S0293689","LUAD"
"610","TCGA-97-8176-01",NA,NA,NA,NA,NA,NA,NA,NA,NA,NA,NA,NA,1,1,FALSE,1,1,FALSE,1,1,FALSE,1,1,FALSE,"S0293689","LUAD"
"611","TCGA-97-8177-01",2,2,FALSE,2,2,FALSE,2,2,FALSE,2,1,FALSE,2,1,FALSE,2,1,FALSE,2,1,FALSE,1,1,FALSE,"S0293689","LUAD"
"612","TCGA-97-8179-01",3,2,FALSE,3,2,FALSE,3,2,FALSE,3,0,TRUE,3,2,FALSE,3,2,FALSE,3,2,FALSE,3,0,TRUE,"S0293689","LUAD"
"613","TCGA-97-8547-01",NA,NA,NA,NA,NA,NA,NA,NA,NA,1,0,TRUE,1,1,FALSE,1,1,FALSE,1,1,FALSE,1,0,TRUE,"S0293689","LUAD"
"614","TCGA-97-8552-01",3,0,TRUE,3,0,TRUE,3,0,TRUE,2,2,FALSE,2,0,TRUE,2,0,TRUE,2,0,TRUE,1,1,FALSE,"S0293689","LUAD"
"615","TCGA-97-A4LX-01",NA,NA,NA,NA,NA,NA,NA,NA,NA,1,0,TRUE,1,1,FALSE,1,1,FALSE,1,1,FALSE,1,0,TRUE,"S0293689","LUAD"
"616","TCGA-97-A4M0-01",2,1,FALSE,2,1,FALSE,2,1,FALSE,2,0,TRUE,2,1,FALSE,2,1,FALSE,2,1,FALSE,2,0,TRUE,"S0293689","LUAD"
"617","TCGA-97-A4M1-01",2,2,FALSE,2,2,FALSE,2,2,FALSE,2,0,TRUE,2,2,FALSE,2,2,FALSE,2,2,FALSE,2,0,TRUE,"S0293689","LUAD"
"618","TCGA-97-A4M2-01",NA,NA,NA,NA,NA,NA,NA,NA,NA,NA,NA,NA,2,0,TRUE,2,0,TRUE,2,0,TRUE,1,1,FALSE,"S0293689","LUAD"
"619","TCGA-97-A4M3-01",NA,NA,NA,NA,NA,NA,NA,NA,NA,NA,NA,NA,1,1,FALSE,1,1,FALSE,1,1,FALSE,1,1,FALSE,"S0293689","LUAD"
"620","TCGA-97-A4M5-01",NA,NA,NA,NA,NA,NA,NA,NA,NA,1,0,TRUE,1,1,FALSE,1,1,FALSE,1,1,FALSE,1,0,TRUE,"S0293689","LUAD"
"621","TCGA-97-A4M6-01",NA,NA,NA,NA,NA,NA,NA,NA,NA,1,0,TRUE,1,1,FALSE,1,1,FALSE,1,1,FALSE,1,0,TRUE,"S0293689","LUAD"
"622","TCGA-97-A4M7-01",NA,NA,NA,NA,NA,NA,NA,NA,NA,NA,NA,NA,2,1,FALSE,2,1,FALSE,2,1,FALSE,1,1,FALSE,"S0293689","LUAD"
"623","TCGA-99-7458-01",NA,NA,NA,NA,NA,NA,NA,NA,NA,1,0,TRUE,1,1,FALSE,1,1,FALSE,1,1,FALSE,1,0,TRUE,"S0293689","LUAD"
"624","TCGA-99-8025-01",5,1,FALSE,3,2,FALSE,3,2,FALSE,2,0,TRUE,5,1,FALSE,3,1,FALSE,3,1,FALSE,2,0,TRUE,"S0293689","LUAD"
"625","TCGA-99-8028-01",NA,NA,NA,NA,NA,NA,NA,NA,NA,NA,NA,NA,1,1,FALSE,1,1,FALSE,1,1,FALSE,2,0,TRUE,"S0293689","LUAD"
"626","TCGA-99-8032-01",2,1,FALSE,2,1,FALSE,2,1,FALSE,2,2,FALSE,2,0,TRUE,2,0,TRUE,2,0,TRUE,2,1,FALSE,"S0293689","LUAD"
"627","TCGA-99-8033-01",2,2,FALSE,2,2,FALSE,2,2,FALSE,2,0,TRUE,2,2,FALSE,2,2,FALSE,2,2,FALSE,2,0,TRUE,"S0293689","LUAD"
"628","TCGA-99-AA5R-01",NA,NA,NA,NA,NA,NA,NA,NA,NA,NA,NA,NA,1,1,FALSE,1,1,FALSE,1,1,FALSE,1,1,FALSE,"S0293689","LUAD"
"629","TCGA-J2-8192-01",2,0,TRUE,2,0,TRUE,2,0,TRUE,NA,NA,NA,1,1,FALSE,1,1,FALSE,1,1,FALSE,1,0,TRUE,"S0293689","LUAD"
"630","TCGA-J2-8194-01",4,2,FALSE,4,2,FALSE,4,2,FALSE,2,1,FALSE,4,2,FALSE,4,2,FALSE,4,2,FALSE,2,1,FALSE,"S0293689","LUAD"
"631","TCGA-J2-A4AD-01",NA,NA,NA,NA,NA,NA,NA,NA,NA,1,0,TRUE,1,1,FALSE,1,1,FALSE,1,1,FALSE,1,0,TRUE,"S0293689","LUAD"
"632","TCGA-J2-A4AE-01",2,1,FALSE,2,1,FALSE,2,1,FALSE,1,0,TRUE,2,1,FALSE,2,1,FALSE,2,1,FALSE,1,0,TRUE,"S0293689","LUAD"
"633","TCGA-J2-A4AG-01",NA,NA,NA,NA,NA,NA,NA,NA,NA,NA,NA,NA,1,1,FALSE,1,1,FALSE,1,1,FALSE,1,0,TRUE,"S0293689","LUAD"
"634","TCGA-L4-A4E5-01",NA,NA,NA,NA,NA,NA,NA,NA,NA,1,0,TRUE,1,1,FALSE,1,1,FALSE,1,1,FALSE,1,0,TRUE,"S0293689","LUAD"
"635","TCGA-L9-A443-01",NA,NA,NA,NA,NA,NA,NA,NA,NA,NA,NA,NA,2,1,FALSE,2,1,FALSE,2,1,FALSE,1,1,FALSE,"S0293689","LUAD"
"636","TCGA-L9-A444-01",2,2,FALSE,2,2,FALSE,2,2,FALSE,2,0,TRUE,2,1,FALSE,2,2,FALSE,2,2,FALSE,2,0,TRUE,"S0293689","LUAD"
"637","TCGA-L9-A50W-01",NA,NA,NA,NA,NA,NA,NA,NA,NA,1,0,TRUE,1,1,FALSE,1,1,FALSE,1,1,FALSE,1,0,TRUE,"S0293689","LUAD"
"638","TCGA-L9-A5IP-01",2,0,TRUE,2,0,TRUE,2,0,TRUE,2,0,TRUE,2,0,TRUE,2,0,TRUE,2,0,TRUE,2,0,TRUE,"S0293689","LUAD"
"639","TCGA-L9-A743-01",4,1,FALSE,4,1,FALSE,4,1,FALSE,3,0,TRUE,1,1,FALSE,1,1,FALSE,1,1,FALSE,1,0,TRUE,"S0293689","LUAD"
"640","TCGA-L9-A7SV-01",3,0,TRUE,3,0,TRUE,3,0,TRUE,2,1,FALSE,3,0,TRUE,3,0,TRUE,3,0,TRUE,2,1,FALSE,"S0293689","LUAD"
"641","TCGA-L9-A8F4-01",2,1,FALSE,2,1,FALSE,2,1,FALSE,2,0,TRUE,1,1,FALSE,1,1,FALSE,1,1,FALSE,1,0,TRUE,"S0293689","LUAD"
"642","TCGA-MN-A4N1-01",2,1,FALSE,2,1,FALSE,2,1,FALSE,3,0,TRUE,1,1,FALSE,1,1,FALSE,1,1,FALSE,2,0,TRUE,"S0293689","LUAD"
"643","TCGA-MN-A4N4-01",3,2,FALSE,3,2,FALSE,3,2,FALSE,3,0,TRUE,2,1,FALSE,2,1,FALSE,2,1,FALSE,1,0,TRUE,"S0293689","LUAD"
"644","TCGA-MN-A4N5-01",2,2,FALSE,2,2,FALSE,2,2,FALSE,2,0,TRUE,2,2,FALSE,2,2,FALSE,2,2,FALSE,2,0,TRUE,"S0293689","LUAD"
"645","TCGA-MP-A4SV-01",2,2,FALSE,2,2,FALSE,2,2,FALSE,2,0,TRUE,2,1,FALSE,2,1,FALSE,2,1,FALSE,2,0,TRUE,"S0293689","LUAD"
"646","TCGA-MP-A4SW-01",NA,NA,NA,NA,NA,NA,NA,NA,NA,NA,NA,NA,1,1,FALSE,1,1,FALSE,1,1,FALSE,1,1,FALSE,"S0293689","LUAD"
"647","TCGA-MP-A4SY-01",NA,NA,NA,NA,NA,NA,NA,NA,NA,NA,NA,NA,1,1,FALSE,1,1,FALSE,1,1,FALSE,1,0,TRUE,"S0293689","LUAD"
"648","TCGA-MP-A4T2-01",2,1,FALSE,2,1,FALSE,2,1,FALSE,3,1,FALSE,1,0,TRUE,1,0,TRUE,1,0,TRUE,2,0,TRUE,"S0293689","LUAD"
"649","TCGA-MP-A4T7-01",2,1,FALSE,2,1,FALSE,2,1,FALSE,2,1,FALSE,2,1,FALSE,2,1,FALSE,2,1,FALSE,2,1,FALSE,"S0293689","LUAD"
"650","TCGA-MP-A4T8-01",2,1,FALSE,2,1,FALSE,2,1,FALSE,2,0,TRUE,2,1,FALSE,2,1,FALSE,2,1,FALSE,2,0,TRUE,"S0293689","LUAD"
"651","TCGA-MP-A4T9-01",2,0,TRUE,2,0,TRUE,2,0,TRUE,3,0,TRUE,2,0,TRUE,2,0,TRUE,2,0,TRUE,3,0,TRUE,"S0293689","LUAD"
"652","TCGA-MP-A4TA-01",NA,NA,NA,NA,NA,NA,NA,NA,NA,1,0,TRUE,1,1,FALSE,1,1,FALSE,1,1,FALSE,1,0,TRUE,"S0293689","LUAD"
"653","TCGA-MP-A4TC-01",1,0,TRUE,1,0,TRUE,1,0,TRUE,1,0,TRUE,2,0,TRUE,2,0,TRUE,2,0,TRUE,3,0,TRUE,"S0293689","LUAD"
"654","TCGA-MP-A4TE-01",2,1,FALSE,2,1,FALSE,2,1,FALSE,NA,NA,NA,2,1,FALSE,2,1,FALSE,2,1,FALSE,1,1,FALSE,"S0293689","LUAD"
"655","TCGA-MP-A4TF-01",5,2,FALSE,5,2,FALSE,5,2,FALSE,3,0,TRUE,5,2,FALSE,5,2,FALSE,5,2,FALSE,3,0,TRUE,"S0293689","LUAD"
"656","TCGA-MP-A4TH-01",NA,NA,NA,NA,NA,NA,NA,NA,NA,2,0,TRUE,1,1,FALSE,1,1,FALSE,1,1,FALSE,2,0,TRUE,"S0293689","LUAD"
"657","TCGA-MP-A4TI-01",NA,NA,NA,NA,NA,NA,NA,NA,NA,1,0,TRUE,1,0,TRUE,1,0,TRUE,1,0,TRUE,1,0,TRUE,"S0293689","LUAD"
"658","TCGA-MP-A4TK-01",2,0,TRUE,2,1,FALSE,2,0,TRUE,2,0,TRUE,1,1,FALSE,1,1,FALSE,1,1,FALSE,2,0,TRUE,"S0293689","LUAD"
"659","TCGA-MP-A5C7-01",2,1,FALSE,2,1,FALSE,2,1,FALSE,NA,NA,NA,2,1,FALSE,2,1,FALSE,2,1,FALSE,1,1,FALSE,"S0293689","LUAD"
"660","TCGA-NJ-A4YF-01",2,1,FALSE,2,1,FALSE,2,1,FALSE,2,0,TRUE,2,1,FALSE,2,1,FALSE,2,1,FALSE,2,0,TRUE,"S0293689","LUAD"
"661","TCGA-NJ-A4YG-01",2,1,FALSE,2,1,FALSE,2,1,FALSE,NA,NA,NA,2,1,FALSE,2,1,FALSE,2,1,FALSE,1,0,TRUE,"S0293689","LUAD"
"662","TCGA-NJ-A4YI-01",2,1,FALSE,2,1,FALSE,2,1,FALSE,2,1,FALSE,2,1,FALSE,2,1,FALSE,2,1,FALSE,2,1,FALSE,"S0293689","LUAD"
"663","TCGA-NJ-A4YP-01",4,2,FALSE,4,2,FALSE,4,2,FALSE,2,2,FALSE,2,1,FALSE,2,1,FALSE,2,1,FALSE,1,1,FALSE,"S0293689","LUAD"
"664","TCGA-NJ-A4YQ-01",1,0,TRUE,1,0,TRUE,1,0,TRUE,1,0,TRUE,1,0,TRUE,1,0,TRUE,1,0,TRUE,1,0,TRUE,"S0293689","LUAD"
"665","TCGA-NJ-A55A-01",NA,NA,NA,NA,NA,NA,NA,NA,NA,NA,NA,NA,2,1,FALSE,2,1,FALSE,2,1,FALSE,1,1,FALSE,"S0293689","LUAD"
"666","TCGA-NJ-A55R-01",2,1,FALSE,2,1,FALSE,2,1,FALSE,2,1,FALSE,1,1,FALSE,1,1,FALSE,1,1,FALSE,1,1,FALSE,"S0293689","LUAD"
"667","TCGA-NJ-A7XG-01",2,2,FALSE,2,2,FALSE,2,2,FALSE,2,2,FALSE,1,1,FALSE,1,1,FALSE,1,1,FALSE,1,1,FALSE,"S0293689","LUAD"
"668","TCGA-O1-A52J-01",3,0,TRUE,3,2,FALSE,3,2,FALSE,2,0,TRUE,2,0,TRUE,3,2,FALSE,3,2,FALSE,2,0,TRUE,"S0293689","LUAD"
"669","TCGA-S2-AA1A-01",NA,NA,NA,NA,NA,NA,NA,NA,NA,NA,NA,NA,1,1,FALSE,1,1,FALSE,1,1,FALSE,1,1,FALSE,"S0293689","LUAD"
"670","TCGA-05-5420-01",NA,NA,NA,NA,NA,NA,NA,NA,NA,1,0,TRUE,1,1,FALSE,1,1,FALSE,1,1,FALSE,1,0,TRUE,"S0293689","LUAD"
"671","TCGA-38-4629-01",2,0,TRUE,2,0,TRUE,2,0,TRUE,2,0,TRUE,2,0,TRUE,2,0,TRUE,2,0,TRUE,2,0,TRUE,"S0293689","LUAD"
"672","TCGA-38-4630-01",NA,NA,NA,NA,NA,NA,NA,NA,NA,1,0,TRUE,1,1,FALSE,1,1,FALSE,1,1,FALSE,1,0,TRUE,"S0293689","LUAD"
"673","TCGA-50-6597-01",2,2,FALSE,2,2,FALSE,2,2,FALSE,2,2,FALSE,2,1,FALSE,2,1,FALSE,2,1,FALSE,2,1,FALSE,"S0293689","LUAD"
"674","TCGA-75-6206-01",3,2,FALSE,3,2,FALSE,3,2,FALSE,2,0,TRUE,2,2,FALSE,2,2,FALSE,2,2,FALSE,2,0,TRUE,"S0293689","LUAD"
"675","TCGA-95-7948-01",3,2,FALSE,3,2,FALSE,3,2,FALSE,2,1,FALSE,3,2,FALSE,3,2,FALSE,3,2,FALSE,2,1,FALSE,"S0293689","LUAD"
