"","SampleId","HLAA_LOH","HLAB_LOH","HLAC_LOH","TP53_LOH"
"2","TCGA-05-4244-01",FALSE,FALSE,FALSE,TRUE
"3","TCGA-05-4249-01",FALSE,FALSE,FALSE,FALSE
"4","TCGA-05-4250-01",FALSE,FALSE,FALSE,TRUE
"5","TCGA-05-4382-01",FALSE,FALSE,FALSE,TRUE
"6","TCGA-05-4384-01",NA,NA,NA,NA
"7","TCGA-05-4389-01",TRUE,TRUE,TRUE,TRUE
"8","TCGA-05-4390-01",TRUE,TRUE,TRUE,FALSE
"9","TCGA-05-4395-01",TRUE,TRUE,TRUE,TRUE
"10","TCGA-05-4396-01",NA,NA,NA,TRUE
"11","TCGA-05-4397-01",NA,NA,NA,TRUE
"12","TCGA-05-4398-01",FALSE,FALSE,FALSE,TRUE
"13","TCGA-05-4402-01",FALSE,FALSE,FALSE,TRUE
"14","TCGA-05-4403-01",NA,NA,NA,NA
"15","TCGA-05-4405-01",TRUE,TRUE,TRUE,FALSE
"16","TCGA-05-4410-01",FALSE,FALSE,FALSE,TRUE
"17","TCGA-05-4415-01",TRUE,TRUE,TRUE,TRUE
"18","TCGA-05-4417-01",FALSE,FALSE,FALSE,TRUE
"19","TCGA-05-4418-01",TRUE,TRUE,TRUE,NA
"20","TCGA-05-4420-01",FALSE,FALSE,FALSE,NA
"21","TCGA-05-4422-01",NA,NA,NA,NA
"22","TCGA-05-4424-01",FALSE,FALSE,FALSE,TRUE
"23","TCGA-05-4425-01",TRUE,TRUE,TRUE,TRUE
"24","TCGA-05-4426-01",NA,NA,NA,TRUE
"25","TCGA-05-4427-01",TRUE,TRUE,TRUE,TRUE
"26","TCGA-05-4430-01",FALSE,FALSE,FALSE,TRUE
"27","TCGA-05-4432-01",FALSE,FALSE,FALSE,FALSE
"28","TCGA-05-4433-01",NA,NA,NA,TRUE
"29","TCGA-05-4434-01",NA,NA,NA,NA
"30","TCGA-05-5423-01",TRUE,TRUE,TRUE,TRUE
"31","TCGA-05-5425-01",TRUE,TRUE,TRUE,TRUE
"32","TCGA-05-5428-01",TRUE,TRUE,TRUE,TRUE
"33","TCGA-05-5429-01",NA,NA,NA,TRUE
"34","TCGA-05-5715-01",NA,NA,NA,NA
"35","TCGA-35-4122-01",FALSE,FALSE,FALSE,NA
"36","TCGA-35-4123-01",NA,NA,NA,TRUE
"37","TCGA-35-5375-01",FALSE,FALSE,FALSE,TRUE
"38","TCGA-38-4625-01",TRUE,NA,NA,TRUE
"39","TCGA-38-4626-01",NA,NA,NA,NA
"40","TCGA-38-4627-01",NA,NA,NA,NA
"41","TCGA-38-4628-01",FALSE,FALSE,FALSE,FALSE
"42","TCGA-38-4631-01",TRUE,NA,NA,TRUE
"43","TCGA-38-4632-01",FALSE,FALSE,FALSE,TRUE
"44","TCGA-38-6178-01",FALSE,FALSE,FALSE,TRUE
"45","TCGA-38-7271-01",NA,NA,NA,NA
"46","TCGA-38-A44F-01",NA,NA,NA,NA
"47","TCGA-44-6779-01",NA,NA,NA,TRUE
"48","TCGA-44-8117-01",FALSE,FALSE,FALSE,TRUE
"49","TCGA-44-8119-01",TRUE,TRUE,TRUE,TRUE
"50","TCGA-44-8120-01",TRUE,TRUE,TRUE,TRUE
"51","TCGA-44-A479-01",NA,NA,NA,TRUE
"52","TCGA-44-A47A-01",FALSE,FALSE,FALSE,FALSE
"53","TCGA-44-A47B-01",FALSE,FALSE,FALSE,TRUE
"54","TCGA-44-A47F-01",FALSE,FALSE,FALSE,FALSE
"55","TCGA-44-A47G-01",NA,TRUE,NA,TRUE
"56","TCGA-44-A4SS-01",TRUE,TRUE,TRUE,TRUE
"57","TCGA-44-A4SU-01",FALSE,FALSE,FALSE,TRUE
"58","TCGA-49-4486-01",NA,NA,NA,NA
"59","TCGA-49-4487-01",FALSE,FALSE,FALSE,FALSE
"60","TCGA-49-4488-01",FALSE,FALSE,FALSE,TRUE
"61","TCGA-49-4490-01",FALSE,FALSE,FALSE,TRUE
"62","TCGA-49-4494-01",TRUE,TRUE,TRUE,NA
"63","TCGA-49-4501-01",FALSE,FALSE,FALSE,TRUE
"64","TCGA-49-4505-01",FALSE,FALSE,FALSE,TRUE
"65","TCGA-49-4506-01",NA,NA,NA,FALSE
"66","TCGA-49-4507-01",FALSE,FALSE,FALSE,TRUE
"67","TCGA-49-4510-01",FALSE,FALSE,FALSE,FALSE
"68","TCGA-49-4512-01",TRUE,TRUE,TRUE,TRUE
"69","TCGA-49-4514-01",FALSE,FALSE,FALSE,NA
"70","TCGA-49-6742-01",FALSE,FALSE,FALSE,FALSE
"71","TCGA-49-6743-01",FALSE,FALSE,FALSE,TRUE
"72","TCGA-49-6744-01",NA,NA,NA,TRUE
"73","TCGA-49-6745-01",NA,NA,NA,FALSE
"74","TCGA-49-6761-01",FALSE,FALSE,FALSE,TRUE
"75","TCGA-49-6767-01",FALSE,FALSE,FALSE,TRUE
"76","TCGA-49-AAQV-01",NA,NA,NA,TRUE
"77","TCGA-49-AAR0-01",NA,NA,NA,TRUE
"78","TCGA-49-AAR2-01",NA,NA,NA,NA
"79","TCGA-49-AAR3-01",TRUE,NA,TRUE,TRUE
"80","TCGA-49-AAR4-01",TRUE,TRUE,TRUE,TRUE
"81","TCGA-49-AAR9-01",TRUE,TRUE,TRUE,TRUE
"82","TCGA-49-AARE-01",TRUE,TRUE,TRUE,TRUE
"83","TCGA-49-AARN-01",NA,NA,NA,TRUE
"84","TCGA-49-AARO-01",FALSE,TRUE,TRUE,TRUE
"85","TCGA-49-AARQ-01",FALSE,FALSE,FALSE,TRUE
"86","TCGA-49-AARR-01",NA,NA,NA,NA
"87","TCGA-4B-A93V-01",TRUE,TRUE,TRUE,TRUE
"88","TCGA-50-5044-01",NA,NA,NA,NA
"89","TCGA-50-5045-01",NA,NA,NA,NA
"90","TCGA-50-5049-01",TRUE,TRUE,TRUE,TRUE
"91","TCGA-50-5051-01",NA,NA,NA,NA
"92","TCGA-50-5055-01",NA,NA,NA,NA
"93","TCGA-50-5068-01",TRUE,TRUE,TRUE,TRUE
"94","TCGA-50-5072-01",NA,NA,NA,TRUE
"95","TCGA-50-5930-01",TRUE,TRUE,TRUE,TRUE
"96","TCGA-50-5931-01",NA,NA,NA,TRUE
"97","TCGA-50-5932-01",FALSE,FALSE,FALSE,NA
"98","TCGA-50-5933-01",TRUE,TRUE,TRUE,TRUE
"99","TCGA-50-5935-01",FALSE,FALSE,FALSE,FALSE
"100","TCGA-50-5936-01",NA,NA,NA,TRUE
"101","TCGA-50-5939-01",NA,NA,NA,NA
"102","TCGA-50-5941-01",FALSE,FALSE,FALSE,TRUE
"103","TCGA-50-5942-01",NA,NA,NA,NA
"104","TCGA-50-5944-01",FALSE,FALSE,FALSE,TRUE
"105","TCGA-50-6590-01",FALSE,FALSE,FALSE,FALSE
"106","TCGA-50-6591-01",FALSE,FALSE,FALSE,TRUE
"107","TCGA-50-6592-01",FALSE,FALSE,FALSE,TRUE
"108","TCGA-50-6593-01",FALSE,FALSE,FALSE,TRUE
"109","TCGA-50-6594-01",TRUE,TRUE,TRUE,TRUE
"110","TCGA-50-6595-01",NA,NA,NA,TRUE
"111","TCGA-50-6673-01",FALSE,FALSE,FALSE,TRUE
"112","TCGA-50-7109-01",FALSE,FALSE,FALSE,NA
"113","TCGA-50-8457-01",NA,NA,NA,NA
"114","TCGA-50-8459-01",NA,NA,NA,NA
"115","TCGA-50-8460-01",NA,NA,NA,NA
"116","TCGA-53-7624-01",TRUE,TRUE,TRUE,TRUE
"117","TCGA-53-7626-01",TRUE,TRUE,TRUE,TRUE
"118","TCGA-53-7813-01",FALSE,FALSE,FALSE,NA
"119","TCGA-53-A4EZ-01",TRUE,TRUE,TRUE,TRUE
"120","TCGA-55-5899-01",TRUE,TRUE,TRUE,TRUE
"121","TCGA-55-6543-01",NA,NA,NA,NA
"122","TCGA-55-6642-01",TRUE,TRUE,TRUE,FALSE
"123","TCGA-55-6712-01",FALSE,FALSE,FALSE,TRUE
"124","TCGA-55-6968-01",TRUE,TRUE,TRUE,TRUE
"125","TCGA-55-6969-01",TRUE,TRUE,TRUE,FALSE
"126","TCGA-55-6970-01",NA,NA,NA,TRUE
"127","TCGA-55-6971-01",NA,NA,NA,FALSE
"128","TCGA-55-6972-01",FALSE,FALSE,FALSE,NA
"129","TCGA-55-6975-01",NA,NA,NA,TRUE
"130","TCGA-55-6978-01",TRUE,TRUE,TRUE,TRUE
"131","TCGA-55-6979-01",NA,NA,NA,TRUE
"132","TCGA-55-6980-01",TRUE,TRUE,TRUE,TRUE
"133","TCGA-55-6981-01",FALSE,FALSE,FALSE,TRUE
"134","TCGA-55-6982-01",NA,NA,NA,TRUE
"135","TCGA-55-6983-01",NA,NA,NA,NA
"136","TCGA-55-6984-01",FALSE,FALSE,FALSE,FALSE
"137","TCGA-55-6985-01",FALSE,FALSE,FALSE,TRUE
"138","TCGA-55-6986-01",NA,NA,NA,NA
"139","TCGA-55-6987-01",TRUE,TRUE,TRUE,NA
"140","TCGA-55-7284-01",NA,NA,NA,NA
"141","TCGA-55-7573-01",TRUE,TRUE,TRUE,TRUE
"142","TCGA-55-7724-01",NA,NA,NA,TRUE
"143","TCGA-55-7725-01",NA,NA,NA,NA
"144","TCGA-55-7726-01",TRUE,TRUE,TRUE,TRUE
"145","TCGA-55-7727-01",NA,NA,NA,TRUE
"146","TCGA-55-7728-01",NA,NA,NA,NA
"147","TCGA-55-7815-01",FALSE,FALSE,FALSE,FALSE
"148","TCGA-55-7903-01",NA,NA,NA,TRUE
"149","TCGA-55-7907-01",FALSE,FALSE,FALSE,TRUE
"150","TCGA-55-7910-01",TRUE,TRUE,TRUE,TRUE
"151","TCGA-55-7911-01",FALSE,FALSE,FALSE,TRUE
"152","TCGA-55-7913-01",FALSE,FALSE,FALSE,FALSE
"153","TCGA-55-7914-01",FALSE,FALSE,FALSE,TRUE
"154","TCGA-55-7994-01",FALSE,FALSE,FALSE,TRUE
"155","TCGA-55-7995-01",FALSE,FALSE,FALSE,TRUE
"156","TCGA-55-8085-01",TRUE,FALSE,FALSE,TRUE
"157","TCGA-55-8087-01",NA,NA,NA,NA
"158","TCGA-55-8089-01",TRUE,TRUE,TRUE,TRUE
"159","TCGA-55-8090-01",FALSE,FALSE,FALSE,FALSE
"160","TCGA-55-8091-01",TRUE,TRUE,TRUE,TRUE
"161","TCGA-55-8092-01",TRUE,TRUE,TRUE,TRUE
"162","TCGA-55-8094-01",FALSE,FALSE,FALSE,TRUE
"163","TCGA-55-8096-01",TRUE,TRUE,TRUE,TRUE
"164","TCGA-55-8097-01",NA,NA,NA,TRUE
"165","TCGA-55-8203-01",FALSE,FALSE,FALSE,FALSE
"166","TCGA-55-8204-01",TRUE,TRUE,TRUE,TRUE
"167","TCGA-55-8205-01",TRUE,TRUE,TRUE,TRUE
"168","TCGA-55-8206-01",FALSE,FALSE,FALSE,FALSE
"169","TCGA-55-8207-01",FALSE,FALSE,FALSE,TRUE
"170","TCGA-55-8208-01",FALSE,FALSE,FALSE,NA
"171","TCGA-55-8301-01",TRUE,TRUE,TRUE,TRUE
"172","TCGA-55-8302-01",NA,NA,NA,TRUE
"173","TCGA-55-8505-01",TRUE,TRUE,TRUE,NA
"174","TCGA-55-8506-01",FALSE,FALSE,FALSE,TRUE
"175","TCGA-55-8507-01",FALSE,TRUE,TRUE,TRUE
"176","TCGA-55-8508-01",FALSE,FALSE,FALSE,FALSE
"177","TCGA-55-8510-01",TRUE,TRUE,TRUE,TRUE
"178","TCGA-55-8511-01",TRUE,TRUE,TRUE,TRUE
"179","TCGA-55-8512-01",FALSE,FALSE,FALSE,NA
"180","TCGA-55-8513-01",NA,NA,NA,NA
"181","TCGA-55-8514-01",FALSE,FALSE,FALSE,TRUE
"182","TCGA-55-8614-01",FALSE,FALSE,FALSE,TRUE
"183","TCGA-55-8615-01",FALSE,FALSE,FALSE,FALSE
"184","TCGA-55-8616-01",FALSE,FALSE,FALSE,TRUE
"185","TCGA-55-8619-01",NA,NA,NA,NA
"186","TCGA-55-8620-01",FALSE,FALSE,FALSE,TRUE
"187","TCGA-55-8621-01",NA,NA,NA,NA
"188","TCGA-55-A48X-01",NA,NA,NA,TRUE
"189","TCGA-55-A48Y-01",NA,NA,NA,TRUE
"190","TCGA-55-A48Z-01",FALSE,FALSE,FALSE,TRUE
"191","TCGA-55-A490-01",FALSE,FALSE,FALSE,TRUE
"192","TCGA-55-A491-01",FALSE,FALSE,FALSE,TRUE
"193","TCGA-55-A492-01",FALSE,FALSE,FALSE,FALSE
"194","TCGA-55-A493-01",TRUE,NA,TRUE,TRUE
"195","TCGA-55-A494-01",FALSE,FALSE,FALSE,FALSE
"196","TCGA-55-A4DF-01",TRUE,TRUE,TRUE,TRUE
"197","TCGA-55-A4DG-01",TRUE,TRUE,TRUE,TRUE
"198","TCGA-55-A57B-01",TRUE,TRUE,TRUE,TRUE
"199","TCGA-62-8394-01",FALSE,FALSE,FALSE,TRUE
"200","TCGA-62-8395-01",NA,NA,NA,NA
"201","TCGA-62-8397-01",FALSE,FALSE,FALSE,TRUE
"202","TCGA-62-8398-01",FALSE,FALSE,FALSE,FALSE
"203","TCGA-62-8399-01",FALSE,FALSE,FALSE,TRUE
"204","TCGA-62-8402-01",TRUE,TRUE,TRUE,TRUE
"205","TCGA-62-A46O-01",FALSE,FALSE,FALSE,TRUE
"206","TCGA-62-A46P-01",NA,NA,NA,NA
"207","TCGA-62-A46R-01",TRUE,TRUE,TRUE,TRUE
"208","TCGA-62-A46S-01",FALSE,FALSE,FALSE,TRUE
"209","TCGA-62-A46U-01",FALSE,FALSE,FALSE,TRUE
"210","TCGA-62-A46V-01",FALSE,FALSE,FALSE,NA
"211","TCGA-62-A46Y-01",NA,NA,NA,TRUE
"212","TCGA-62-A470-01",FALSE,FALSE,FALSE,FALSE
"213","TCGA-62-A471-01",FALSE,FALSE,FALSE,TRUE
"214","TCGA-62-A472-01",TRUE,TRUE,TRUE,TRUE
"215","TCGA-64-1677-01",FALSE,FALSE,FALSE,FALSE
"216","TCGA-64-1679-01",FALSE,FALSE,FALSE,TRUE
"217","TCGA-64-1681-01",FALSE,FALSE,FALSE,TRUE
"218","TCGA-64-5774-01",FALSE,FALSE,FALSE,NA
"219","TCGA-64-5775-01",FALSE,FALSE,FALSE,TRUE
"220","TCGA-64-5778-01",NA,NA,NA,TRUE
"221","TCGA-64-5779-01",FALSE,FALSE,FALSE,TRUE
"222","TCGA-64-5781-01",TRUE,TRUE,TRUE,NA
"223","TCGA-64-5815-01",NA,NA,NA,TRUE
"224","TCGA-67-3772-01",NA,NA,NA,TRUE
"225","TCGA-67-4679-01",FALSE,FALSE,FALSE,NA
"226","TCGA-67-6215-01",FALSE,FALSE,FALSE,NA
"227","TCGA-67-6216-01",NA,NA,NA,NA
"228","TCGA-67-6217-01",TRUE,TRUE,TRUE,TRUE
"229","TCGA-69-7760-01",FALSE,FALSE,FALSE,TRUE
"230","TCGA-69-7761-01",FALSE,FALSE,FALSE,TRUE
"231","TCGA-69-7763-01",FALSE,FALSE,FALSE,TRUE
"232","TCGA-69-7764-01",NA,FALSE,FALSE,TRUE
"233","TCGA-69-7765-01",NA,NA,NA,TRUE
"234","TCGA-69-7973-01",FALSE,FALSE,FALSE,FALSE
"235","TCGA-69-7974-01",FALSE,FALSE,FALSE,TRUE
"236","TCGA-69-7978-01",FALSE,FALSE,FALSE,TRUE
"237","TCGA-69-7979-01",FALSE,FALSE,FALSE,TRUE
"238","TCGA-69-7980-01",TRUE,TRUE,TRUE,TRUE
"239","TCGA-69-8253-01",NA,NA,NA,FALSE
"240","TCGA-69-8254-01",NA,NA,NA,NA
"241","TCGA-69-8255-01",TRUE,TRUE,TRUE,TRUE
"242","TCGA-71-6725-01",TRUE,TRUE,TRUE,TRUE
"243","TCGA-73-4658-01",NA,NA,NA,NA
"244","TCGA-73-4659-01",FALSE,FALSE,FALSE,FALSE
"245","TCGA-73-4662-01",FALSE,FALSE,FALSE,FALSE
"246","TCGA-73-4666-01",TRUE,TRUE,TRUE,FALSE
"247","TCGA-73-4668-01",FALSE,FALSE,FALSE,TRUE
"248","TCGA-73-4670-01",FALSE,FALSE,FALSE,TRUE
"249","TCGA-73-4675-01",TRUE,TRUE,TRUE,FALSE
"250","TCGA-73-4676-01",TRUE,TRUE,TRUE,TRUE
"251","TCGA-73-4677-01",FALSE,FALSE,FALSE,FALSE
"252","TCGA-73-7498-01",FALSE,FALSE,FALSE,NA
"253","TCGA-73-7499-01",TRUE,TRUE,TRUE,TRUE
"254","TCGA-73-A9RS-01",FALSE,FALSE,FALSE,TRUE
"255","TCGA-75-5122-01",NA,NA,NA,TRUE
"256","TCGA-75-5125-01",FALSE,FALSE,FALSE,TRUE
"257","TCGA-75-5126-01",TRUE,TRUE,TRUE,NA
"258","TCGA-75-5146-01",NA,NA,NA,NA
"259","TCGA-75-5147-01",FALSE,FALSE,FALSE,TRUE
"260","TCGA-75-6203-01",NA,NA,NA,NA
"261","TCGA-75-6205-01",TRUE,TRUE,TRUE,TRUE
"262","TCGA-75-6207-01",NA,NA,NA,TRUE
"263","TCGA-75-6211-01",NA,NA,NA,TRUE
"264","TCGA-75-6212-01",FALSE,FALSE,FALSE,NA
"265","TCGA-75-6214-01",FALSE,FALSE,FALSE,TRUE
"266","TCGA-75-7025-01",FALSE,FALSE,FALSE,FALSE
"267","TCGA-75-7027-01",FALSE,FALSE,FALSE,FALSE
"268","TCGA-75-7031-01",FALSE,FALSE,FALSE,TRUE
"269","TCGA-78-7145-01",FALSE,FALSE,FALSE,TRUE
"270","TCGA-78-7146-01",TRUE,TRUE,TRUE,TRUE
"271","TCGA-78-7147-01",FALSE,FALSE,FALSE,TRUE
"272","TCGA-78-7148-01",NA,NA,NA,NA
"273","TCGA-78-7149-01",FALSE,FALSE,FALSE,FALSE
"274","TCGA-78-7150-01",FALSE,FALSE,FALSE,TRUE
"275","TCGA-78-7152-01",NA,NA,NA,NA
"276","TCGA-78-7153-01",FALSE,FALSE,FALSE,FALSE
"277","TCGA-78-7154-01",TRUE,TRUE,TRUE,TRUE
"278","TCGA-78-7155-01",FALSE,FALSE,FALSE,TRUE
"279","TCGA-78-7156-01",NA,NA,NA,NA
"280","TCGA-78-7158-01",FALSE,FALSE,FALSE,NA
"281","TCGA-78-7159-01",FALSE,FALSE,FALSE,FALSE
"282","TCGA-78-7160-01",TRUE,TRUE,TRUE,NA
"283","TCGA-78-7161-01",FALSE,FALSE,FALSE,FALSE
"284","TCGA-78-7162-01",FALSE,FALSE,FALSE,NA
"285","TCGA-78-7163-01",NA,NA,NA,NA
"286","TCGA-78-7166-01",NA,NA,NA,NA
"287","TCGA-78-7167-01",FALSE,FALSE,FALSE,FALSE
"288","TCGA-78-7220-01",FALSE,FALSE,FALSE,TRUE
"289","TCGA-78-7535-01",TRUE,TRUE,TRUE,TRUE
"290","TCGA-78-7536-01",TRUE,TRUE,TRUE,TRUE
"291","TCGA-78-7537-01",NA,NA,NA,NA
"292","TCGA-78-7539-01",FALSE,FALSE,FALSE,NA
"293","TCGA-78-7540-01",NA,NA,NA,TRUE
"294","TCGA-78-7542-01",FALSE,FALSE,FALSE,TRUE
"295","TCGA-78-7633-01",FALSE,FALSE,FALSE,NA
"296","TCGA-78-8640-01",FALSE,FALSE,FALSE,TRUE
"297","TCGA-78-8655-01",FALSE,FALSE,FALSE,FALSE
"298","TCGA-78-8660-01",NA,NA,NA,TRUE
"299","TCGA-78-8662-01",FALSE,FALSE,FALSE,TRUE
"300","TCGA-80-5607-01",FALSE,FALSE,FALSE,NA
"301","TCGA-80-5608-01",FALSE,FALSE,FALSE,TRUE
"302","TCGA-80-5611-01",TRUE,TRUE,TRUE,TRUE
"303","TCGA-83-5908-01",NA,TRUE,TRUE,TRUE
"304","TCGA-86-6562-01",FALSE,FALSE,FALSE,FALSE
"305","TCGA-86-6851-01",FALSE,FALSE,FALSE,TRUE
"306","TCGA-86-7701-01",TRUE,TRUE,TRUE,TRUE
"307","TCGA-86-7714-01",NA,NA,NA,NA
"308","TCGA-86-7953-01",TRUE,TRUE,TRUE,TRUE
"309","TCGA-86-7954-01",FALSE,FALSE,FALSE,TRUE
"310","TCGA-86-7955-01",TRUE,TRUE,TRUE,TRUE
"311","TCGA-86-8054-01",FALSE,FALSE,FALSE,FALSE
"312","TCGA-86-8055-01",TRUE,TRUE,TRUE,TRUE
"313","TCGA-86-8056-01",FALSE,FALSE,FALSE,TRUE
"314","TCGA-86-8073-01",NA,NA,NA,TRUE
"315","TCGA-86-8074-01",TRUE,TRUE,TRUE,TRUE
"316","TCGA-86-8075-01",FALSE,FALSE,FALSE,TRUE
"317","TCGA-86-8076-01",NA,NA,NA,NA
"318","TCGA-86-8278-01",NA,NA,NA,TRUE
"319","TCGA-86-8279-01",FALSE,FALSE,FALSE,TRUE
"320","TCGA-86-8280-01",FALSE,FALSE,FALSE,TRUE
"321","TCGA-86-8281-01",FALSE,FALSE,FALSE,NA
"322","TCGA-86-8358-01",TRUE,TRUE,TRUE,TRUE
"323","TCGA-86-8359-01",TRUE,TRUE,TRUE,FALSE
"324","TCGA-86-8585-01",TRUE,TRUE,TRUE,TRUE
"325","TCGA-86-8668-01",FALSE,FALSE,FALSE,TRUE
"326","TCGA-86-8669-01",FALSE,FALSE,FALSE,FALSE
"327","TCGA-86-8671-01",NA,NA,NA,NA
"328","TCGA-86-8672-01",FALSE,FALSE,FALSE,TRUE
"329","TCGA-86-8673-01",TRUE,TRUE,TRUE,TRUE
"330","TCGA-86-8674-01",FALSE,FALSE,FALSE,NA
"331","TCGA-86-A456-01",NA,NA,NA,TRUE
"332","TCGA-86-A4D0-01",NA,NA,NA,NA
"333","TCGA-86-A4JF-01",FALSE,FALSE,FALSE,NA
"334","TCGA-86-A4P7-01",NA,NA,NA,NA
"335","TCGA-86-A4P8-01",NA,NA,NA,NA
"336","TCGA-91-6829-01",TRUE,TRUE,TRUE,TRUE
"337","TCGA-91-6830-01",NA,NA,NA,NA
"338","TCGA-91-6831-01",FALSE,FALSE,FALSE,TRUE
"339","TCGA-91-6835-01",NA,NA,NA,TRUE
"340","TCGA-91-6836-01",TRUE,TRUE,TRUE,TRUE
"341","TCGA-91-6840-01",FALSE,FALSE,FALSE,TRUE
"342","TCGA-91-6847-01",FALSE,FALSE,FALSE,TRUE
"343","TCGA-91-6848-01",FALSE,FALSE,FALSE,TRUE
"344","TCGA-91-6849-01",NA,NA,NA,NA
"345","TCGA-91-7771-01",FALSE,FALSE,FALSE,FALSE
"346","TCGA-91-8496-01",NA,NA,NA,NA
"347","TCGA-91-8497-01",NA,NA,NA,NA
"348","TCGA-91-8499-01",FALSE,FALSE,FALSE,TRUE
"349","TCGA-91-A4BC-01",TRUE,TRUE,TRUE,TRUE
"350","TCGA-91-A4BD-01",NA,NA,NA,NA
"351","TCGA-93-7347-01",NA,NA,NA,TRUE
"352","TCGA-93-A4JN-01",FALSE,FALSE,FALSE,TRUE
"353","TCGA-93-A4JO-01",TRUE,TRUE,TRUE,TRUE
"354","TCGA-93-A4JQ-01",TRUE,TRUE,TRUE,NA
"355","TCGA-95-7039-01",FALSE,FALSE,FALSE,TRUE
"356","TCGA-95-7043-01",TRUE,TRUE,TRUE,TRUE
"357","TCGA-95-7562-01",FALSE,FALSE,FALSE,TRUE
"358","TCGA-95-7567-01",TRUE,TRUE,TRUE,TRUE
"359","TCGA-95-7944-01",NA,NA,NA,TRUE
"360","TCGA-95-7947-01",NA,NA,NA,TRUE
"361","TCGA-95-8039-01",NA,NA,NA,TRUE
"362","TCGA-95-8494-01",TRUE,TRUE,TRUE,TRUE
"363","TCGA-95-A4VK-01",TRUE,NA,TRUE,NA
"364","TCGA-95-A4VN-01",TRUE,TRUE,TRUE,NA
"365","TCGA-95-A4VP-01",FALSE,FALSE,FALSE,NA
"366","TCGA-97-7546-01",NA,NA,NA,NA
"367","TCGA-97-7547-01",TRUE,TRUE,TRUE,FALSE
"368","TCGA-97-7552-01",NA,NA,NA,NA
"369","TCGA-97-7553-01",FALSE,FALSE,FALSE,TRUE
"370","TCGA-97-7554-01",FALSE,FALSE,FALSE,TRUE
"371","TCGA-97-7937-01",NA,NA,NA,NA
"372","TCGA-97-7938-01",FALSE,FALSE,FALSE,TRUE
"373","TCGA-97-7941-01",NA,NA,NA,NA
"374","TCGA-97-8171-01",FALSE,FALSE,FALSE,NA
"375","TCGA-97-8172-01",FALSE,FALSE,FALSE,FALSE
"376","TCGA-97-8174-01",FALSE,FALSE,FALSE,FALSE
"377","TCGA-97-8175-01",NA,NA,NA,TRUE
"378","TCGA-97-8176-01",NA,NA,NA,NA
"379","TCGA-97-8177-01",FALSE,FALSE,FALSE,FALSE
"380","TCGA-97-8179-01",FALSE,FALSE,FALSE,TRUE
"381","TCGA-97-8547-01",NA,NA,NA,TRUE
"382","TCGA-97-8552-01",TRUE,TRUE,TRUE,FALSE
"383","TCGA-97-A4LX-01",NA,NA,NA,TRUE
"384","TCGA-97-A4M0-01",FALSE,FALSE,FALSE,TRUE
"385","TCGA-97-A4M1-01",FALSE,FALSE,FALSE,TRUE
"386","TCGA-97-A4M2-01",NA,NA,NA,NA
"387","TCGA-97-A4M3-01",NA,NA,NA,NA
"388","TCGA-97-A4M5-01",NA,NA,NA,TRUE
"389","TCGA-97-A4M6-01",NA,NA,NA,TRUE
"390","TCGA-97-A4M7-01",NA,NA,NA,NA
"391","TCGA-99-7458-01",NA,NA,NA,TRUE
"392","TCGA-99-8025-01",FALSE,FALSE,FALSE,TRUE
"393","TCGA-99-8028-01",NA,NA,NA,NA
"394","TCGA-99-8032-01",FALSE,FALSE,FALSE,FALSE
"395","TCGA-99-8033-01",FALSE,FALSE,FALSE,TRUE
"396","TCGA-99-AA5R-01",NA,NA,NA,NA
"397","TCGA-J2-8192-01",TRUE,TRUE,TRUE,NA
"398","TCGA-J2-8194-01",FALSE,FALSE,FALSE,FALSE
"399","TCGA-J2-A4AD-01",NA,NA,NA,TRUE
"400","TCGA-J2-A4AE-01",FALSE,FALSE,FALSE,TRUE
"401","TCGA-J2-A4AG-01",NA,NA,NA,NA
"402","TCGA-L4-A4E5-01",NA,NA,NA,TRUE
"403","TCGA-L9-A443-01",NA,NA,NA,NA
"404","TCGA-L9-A444-01",FALSE,FALSE,FALSE,TRUE
"405","TCGA-L9-A50W-01",NA,NA,NA,TRUE
"406","TCGA-L9-A5IP-01",TRUE,TRUE,TRUE,TRUE
"407","TCGA-L9-A743-01",FALSE,FALSE,FALSE,TRUE
"408","TCGA-L9-A7SV-01",TRUE,TRUE,TRUE,FALSE
"409","TCGA-L9-A8F4-01",FALSE,FALSE,FALSE,TRUE
"410","TCGA-MN-A4N1-01",FALSE,FALSE,FALSE,TRUE
"411","TCGA-MN-A4N4-01",FALSE,FALSE,FALSE,TRUE
"412","TCGA-MN-A4N5-01",FALSE,FALSE,FALSE,TRUE
"413","TCGA-MP-A4SV-01",FALSE,FALSE,FALSE,TRUE
"414","TCGA-MP-A4SW-01",NA,NA,NA,NA
"415","TCGA-MP-A4SY-01",NA,NA,NA,NA
"416","TCGA-MP-A4T2-01",FALSE,FALSE,FALSE,FALSE
"417","TCGA-MP-A4T7-01",FALSE,FALSE,FALSE,FALSE
"418","TCGA-MP-A4T8-01",FALSE,FALSE,FALSE,TRUE
"419","TCGA-MP-A4T9-01",TRUE,TRUE,TRUE,TRUE
"420","TCGA-MP-A4TA-01",NA,NA,NA,TRUE
"421","TCGA-MP-A4TC-01",TRUE,TRUE,TRUE,TRUE
"422","TCGA-MP-A4TE-01",FALSE,FALSE,FALSE,NA
"423","TCGA-MP-A4TF-01",FALSE,FALSE,FALSE,TRUE
"424","TCGA-MP-A4TH-01",NA,NA,NA,TRUE
"425","TCGA-MP-A4TI-01",NA,NA,NA,TRUE
"426","TCGA-MP-A4TK-01",TRUE,FALSE,TRUE,TRUE
"427","TCGA-MP-A5C7-01",FALSE,FALSE,FALSE,NA
"428","TCGA-NJ-A4YF-01",FALSE,FALSE,FALSE,TRUE
"429","TCGA-NJ-A4YG-01",FALSE,FALSE,FALSE,NA
"430","TCGA-NJ-A4YI-01",FALSE,FALSE,FALSE,FALSE
"431","TCGA-NJ-A4YP-01",FALSE,FALSE,FALSE,FALSE
"432","TCGA-NJ-A4YQ-01",TRUE,TRUE,TRUE,TRUE
"433","TCGA-NJ-A55A-01",NA,NA,NA,NA
"434","TCGA-NJ-A55R-01",FALSE,FALSE,FALSE,FALSE
"435","TCGA-NJ-A7XG-01",FALSE,FALSE,FALSE,FALSE
"436","TCGA-O1-A52J-01",TRUE,FALSE,FALSE,TRUE
"437","TCGA-S2-AA1A-01",NA,NA,NA,NA
"438","TCGA-05-5420-01",NA,NA,NA,TRUE
"439","TCGA-38-4629-01",TRUE,TRUE,TRUE,TRUE
"440","TCGA-38-4630-01",NA,NA,NA,TRUE
"441","TCGA-50-6597-01",FALSE,FALSE,FALSE,FALSE
"442","TCGA-75-6206-01",FALSE,FALSE,FALSE,TRUE
"443","TCGA-95-7948-01",FALSE,FALSE,FALSE,FALSE
