"","SampleId","HLAA_major","HLAA_minor","HLAA_LOH","HLAB_major","HLAB_minor","HLAB_LOH","HLAC_major","HLAC_minor","HLAC_LOH","TP53_major","TP53_minor","TP53_LOH","HLAA_C_t","HLAA_M_t","HLAA_LOH_t","HLAB_C_t","HLAB_M_t","HLAB_LOH_t","HLAC_C_t","HLAC_M_t","HLAC_LOH_t","TP53_C_t","TP53_M_t","TP53_LOH_t"
"1","TCGA-05-4244-01",2,2,FALSE,2,2,FALSE,2,2,FALSE,3,0,TRUE,4,2,FALSE,4,2,FALSE,4,2,FALSE,3,0,TRUE
"2","TCGA-05-4249-01",3,2,FALSE,3,2,FALSE,3,2,FALSE,2,1,FALSE,5,2,FALSE,5,2,FALSE,5,2,FALSE,3,1,FALSE
"3","TCGA-05-4250-01",2,1,FALSE,2,1,FALSE,2,1,FALSE,2,0,TRUE,3,1,FALSE,3,1,FALSE,3,1,FALSE,3,0,TRUE
"4","TCGA-05-4382-01",3,1,FALSE,3,1,FALSE,3,1,FALSE,3,0,TRUE,3,1,FALSE,3,1,FALSE,3,1,FALSE,2,0,TRUE
"5","TCGA-05-4384-01",NA,NA,NA,NA,NA,NA,NA,NA,NA,NA,NA,NA,2,1,FALSE,2,1,FALSE,2,1,FALSE,2,1,FALSE
"6","TCGA-05-4389-01",2,0,TRUE,2,0,TRUE,2,0,TRUE,2,0,TRUE,1,0,TRUE,1,0,TRUE,1,0,TRUE,1,0,TRUE
"7","TCGA-05-4390-01",4,0,TRUE,4,0,TRUE,4,0,TRUE,2,1,FALSE,4,0,TRUE,4,0,TRUE,4,0,TRUE,3,1,FALSE
"8","TCGA-05-4395-01",2,0,TRUE,2,0,TRUE,2,0,TRUE,2,0,TRUE,2,0,TRUE,2,0,TRUE,2,0,TRUE,2,0,TRUE
"9","TCGA-05-4396-01",NA,NA,NA,NA,NA,NA,NA,NA,NA,1,0,TRUE,4,2,FALSE,5,2,FALSE,5,2,FALSE,2,0,TRUE
"10","TCGA-05-4397-01",NA,NA,NA,NA,NA,NA,NA,NA,NA,1,0,TRUE,2,1,FALSE,2,1,FALSE,2,1,FALSE,1,0,TRUE
"11","TCGA-05-4398-01",3,2,FALSE,3,2,FALSE,3,2,FALSE,2,0,TRUE,4,2,FALSE,4,2,FALSE,4,2,FALSE,2,0,TRUE
"12","TCGA-05-4402-01",2,2,FALSE,2,2,FALSE,2,2,FALSE,2,0,TRUE,3,1,FALSE,3,1,FALSE,3,1,FALSE,2,0,TRUE
"13","TCGA-05-4403-01",NA,NA,NA,NA,NA,NA,NA,NA,NA,NA,NA,NA,2,1,FALSE,2,1,FALSE,2,1,FALSE,2,1,FALSE
"14","TCGA-05-4405-01",3,0,TRUE,3,0,TRUE,3,0,TRUE,2,2,FALSE,3,0,TRUE,3,0,TRUE,3,0,TRUE,3,1,FALSE
"15","TCGA-05-4410-01",4,1,FALSE,4,1,FALSE,4,1,FALSE,3,0,TRUE,3,0,TRUE,3,0,TRUE,3,0,TRUE,1,0,TRUE
"16","TCGA-05-4415-01",3,0,TRUE,3,0,TRUE,3,0,TRUE,2,0,TRUE,3,0,TRUE,3,0,TRUE,3,0,TRUE,2,0,TRUE
"17","TCGA-05-4417-01",2,1,FALSE,2,1,FALSE,2,1,FALSE,2,0,TRUE,2,0,TRUE,2,0,TRUE,2,0,TRUE,1,0,TRUE
"18","TCGA-05-4418-01",2,0,TRUE,2,0,TRUE,2,0,TRUE,NA,NA,NA,2,0,TRUE,2,0,TRUE,2,0,TRUE,2,1,FALSE
"19","TCGA-05-4420-01",3,2,FALSE,3,2,FALSE,3,2,FALSE,NA,NA,NA,5,2,FALSE,5,2,FALSE,5,2,FALSE,2,1,FALSE
"20","TCGA-05-4422-01",NA,NA,NA,NA,NA,NA,NA,NA,NA,NA,NA,NA,2,1,FALSE,2,1,FALSE,2,1,FALSE,2,1,FALSE
"21","TCGA-05-4424-01",3,1,FALSE,3,1,FALSE,3,1,FALSE,4,0,TRUE,3,1,FALSE,3,1,FALSE,3,1,FALSE,3,0,TRUE
"22","TCGA-05-4425-01",2,0,TRUE,2,0,TRUE,2,0,TRUE,1,0,TRUE,2,0,TRUE,2,0,TRUE,2,0,TRUE,1,0,TRUE
"23","TCGA-05-4426-01",NA,NA,NA,NA,NA,NA,NA,NA,NA,1,0,TRUE,2,1,FALSE,2,1,FALSE,2,1,FALSE,1,0,TRUE
"24","TCGA-05-4427-01",5,0,TRUE,5,0,TRUE,5,0,TRUE,3,0,TRUE,5,0,TRUE,5,0,TRUE,5,0,TRUE,3,0,TRUE
"25","TCGA-05-4430-01",2,2,FALSE,2,2,FALSE,2,2,FALSE,2,0,TRUE,3,1,FALSE,3,1,FALSE,3,1,FALSE,1,0,TRUE
"26","TCGA-05-4432-01",2,1,FALSE,2,1,FALSE,2,1,FALSE,2,2,FALSE,3,1,FALSE,4,1,FALSE,4,1,FALSE,4,2,FALSE
"27","TCGA-05-4433-01",NA,NA,NA,NA,NA,NA,NA,NA,NA,1,0,TRUE,2,1,FALSE,2,1,FALSE,2,1,FALSE,1,0,TRUE
"28","TCGA-05-4434-01",NA,NA,NA,NA,NA,NA,NA,NA,NA,NA,NA,NA,2,1,FALSE,2,1,FALSE,2,1,FALSE,2,1,FALSE
"29","TCGA-05-5423-01",2,0,TRUE,2,0,TRUE,2,0,TRUE,2,0,TRUE,2,0,TRUE,2,0,TRUE,2,0,TRUE,2,0,TRUE
"30","TCGA-05-5425-01",2,0,TRUE,2,0,TRUE,2,0,TRUE,1,0,TRUE,6,1,FALSE,6,1,FALSE,6,1,FALSE,2,0,TRUE
"31","TCGA-05-5428-01",2,0,TRUE,2,0,TRUE,2,0,TRUE,2,0,TRUE,3,1,FALSE,3,1,FALSE,3,1,FALSE,2,0,TRUE
"32","TCGA-05-5429-01",NA,NA,NA,NA,NA,NA,NA,NA,NA,1,0,TRUE,2,1,FALSE,2,1,FALSE,2,1,FALSE,2,0,TRUE
"33","TCGA-05-5715-01",NA,NA,NA,NA,NA,NA,NA,NA,NA,NA,NA,NA,2,0,TRUE,2,0,TRUE,2,0,TRUE,2,1,FALSE
"34","TCGA-35-4122-01",2,2,FALSE,2,2,FALSE,2,2,FALSE,NA,NA,NA,3,1,FALSE,3,1,FALSE,3,1,FALSE,2,1,FALSE
"35","TCGA-35-4123-01",NA,NA,NA,NA,NA,NA,NA,NA,NA,1,0,TRUE,2,1,FALSE,2,1,FALSE,2,1,FALSE,1,0,TRUE
"36","TCGA-35-5375-01",4,2,FALSE,4,2,FALSE,4,2,FALSE,5,0,TRUE,7,2,FALSE,7,2,FALSE,7,2,FALSE,6,0,TRUE
"37","TCGA-38-4625-01",5,0,TRUE,NA,NA,NA,NA,NA,NA,2,0,TRUE,6,0,TRUE,5,0,TRUE,5,0,TRUE,2,0,TRUE
"38","TCGA-38-4626-01",NA,NA,NA,NA,NA,NA,NA,NA,NA,NA,NA,NA,0,0,TRUE,1,0,TRUE,1,0,TRUE,1,0,TRUE
"39","TCGA-38-4627-01",NA,NA,NA,NA,NA,NA,NA,NA,NA,NA,NA,NA,2,1,FALSE,2,1,FALSE,2,1,FALSE,1,0,TRUE
"40","TCGA-38-4628-01",4,2,FALSE,4,2,FALSE,4,2,FALSE,3,3,FALSE,5,2,FALSE,5,2,FALSE,5,2,FALSE,6,3,FALSE
"41","TCGA-38-4631-01",2,0,TRUE,NA,NA,NA,NA,NA,NA,2,0,TRUE,3,0,TRUE,6,NA,NA,3,0,TRUE,3,0,TRUE
"42","TCGA-38-4632-01",2,2,FALSE,2,2,FALSE,2,2,FALSE,2,0,TRUE,3,1,FALSE,3,1,FALSE,3,1,FALSE,2,0,TRUE
"43","TCGA-38-6178-01",3,2,FALSE,3,2,FALSE,3,2,FALSE,3,0,TRUE,5,2,FALSE,5,2,FALSE,5,2,FALSE,3,0,TRUE
"44","TCGA-38-7271-01",NA,NA,NA,NA,NA,NA,NA,NA,NA,NA,NA,NA,2,1,FALSE,2,1,FALSE,2,1,FALSE,1,0,TRUE
"45","TCGA-38-A44F-01",NA,NA,NA,NA,NA,NA,NA,NA,NA,NA,NA,NA,2,1,FALSE,2,1,FALSE,2,1,FALSE,2,1,FALSE
"46","TCGA-44-6779-01",NA,NA,NA,NA,NA,NA,NA,NA,NA,1,0,TRUE,2,1,FALSE,2,1,FALSE,2,1,FALSE,1,0,TRUE
"47","TCGA-44-8117-01",2,1,FALSE,2,1,FALSE,2,1,FALSE,2,0,TRUE,3,1,FALSE,3,1,FALSE,3,1,FALSE,2,0,TRUE
"48","TCGA-44-8119-01",4,0,TRUE,4,0,TRUE,4,0,TRUE,4,0,TRUE,4,0,TRUE,4,0,TRUE,4,0,TRUE,4,0,TRUE
"49","TCGA-44-8120-01",2,0,TRUE,2,0,TRUE,2,0,TRUE,1,0,TRUE,5,1,FALSE,2,0,TRUE,2,0,TRUE,1,0,TRUE
"50","TCGA-44-A479-01",NA,NA,NA,NA,NA,NA,NA,NA,NA,1,0,TRUE,2,1,FALSE,2,1,FALSE,2,1,FALSE,1,0,TRUE
"51","TCGA-44-A47A-01",2,1,FALSE,2,1,FALSE,2,1,FALSE,2,1,FALSE,1,0,TRUE,1,0,TRUE,1,0,TRUE,1,0,TRUE
"52","TCGA-44-A47B-01",2,1,FALSE,2,1,FALSE,2,1,FALSE,2,0,TRUE,3,1,FALSE,3,1,FALSE,3,1,FALSE,2,0,TRUE
"53","TCGA-44-A47F-01",4,1,FALSE,4,1,FALSE,4,1,FALSE,2,2,FALSE,5,1,FALSE,5,1,FALSE,5,1,FALSE,4,2,FALSE
"54","TCGA-44-A47G-01",NA,NA,NA,1,0,TRUE,NA,NA,NA,1,0,TRUE,2,1,FALSE,2,1,FALSE,2,1,FALSE,2,0,TRUE
"55","TCGA-44-A4SS-01",3,0,TRUE,3,0,TRUE,3,0,TRUE,3,0,TRUE,2,0,TRUE,2,0,TRUE,2,0,TRUE,2,0,TRUE
"56","TCGA-44-A4SU-01",2,1,FALSE,2,1,FALSE,2,1,FALSE,2,0,TRUE,3,0,TRUE,3,0,TRUE,3,0,TRUE,2,0,TRUE
"57","TCGA-49-4486-01",NA,NA,NA,NA,NA,NA,NA,NA,NA,NA,NA,NA,2,1,FALSE,2,1,FALSE,2,1,FALSE,2,1,FALSE
"58","TCGA-49-4487-01",3,1,FALSE,3,1,FALSE,3,1,FALSE,2,1,FALSE,2,0,TRUE,2,0,TRUE,2,0,TRUE,2,1,FALSE
"59","TCGA-49-4488-01",4,2,FALSE,3,3,FALSE,3,3,FALSE,4,0,TRUE,4,1,FALSE,5,2,FALSE,5,2,FALSE,3,0,TRUE
"60","TCGA-49-4490-01",4,2,FALSE,4,2,FALSE,4,2,FALSE,4,0,TRUE,5,1,FALSE,5,1,FALSE,5,1,FALSE,4,0,TRUE
"61","TCGA-49-4494-01",2,0,TRUE,2,0,TRUE,2,0,TRUE,NA,NA,NA,2,0,TRUE,2,0,TRUE,2,0,TRUE,2,1,FALSE
"62","TCGA-49-4501-01",2,1,FALSE,2,1,FALSE,2,1,FALSE,2,0,TRUE,3,1,FALSE,3,1,FALSE,3,1,FALSE,2,0,TRUE
"63","TCGA-49-4505-01",2,1,FALSE,2,1,FALSE,2,1,FALSE,2,0,TRUE,3,1,FALSE,3,1,FALSE,3,1,FALSE,2,0,TRUE
"64","TCGA-49-4506-01",NA,NA,NA,NA,NA,NA,NA,NA,NA,2,1,FALSE,2,1,FALSE,2,1,FALSE,2,1,FALSE,1,0,TRUE
"65","TCGA-49-4507-01",2,1,FALSE,2,1,FALSE,2,1,FALSE,2,0,TRUE,3,1,FALSE,3,1,FALSE,3,1,FALSE,2,0,TRUE
"66","TCGA-49-4510-01",2,2,FALSE,2,2,FALSE,2,2,FALSE,2,1,FALSE,4,2,FALSE,4,2,FALSE,4,2,FALSE,3,1,FALSE
"67","TCGA-49-4512-01",5,0,TRUE,5,0,TRUE,5,0,TRUE,2,0,TRUE,2,0,TRUE,2,0,TRUE,2,0,TRUE,1,0,TRUE
"68","TCGA-49-4514-01",2,1,FALSE,2,1,FALSE,2,1,FALSE,NA,NA,NA,3,1,FALSE,3,1,FALSE,3,1,FALSE,2,0,TRUE
"69","TCGA-49-6742-01",3,1,FALSE,3,1,FALSE,3,1,FALSE,2,2,FALSE,4,1,FALSE,4,1,FALSE,4,1,FALSE,4,2,FALSE
"70","TCGA-49-6743-01",2,1,FALSE,2,1,FALSE,2,1,FALSE,2,0,TRUE,3,1,FALSE,3,1,FALSE,3,1,FALSE,2,0,TRUE
"71","TCGA-49-6744-01",NA,NA,NA,NA,NA,NA,NA,NA,NA,1,0,TRUE,2,1,FALSE,2,1,FALSE,2,1,FALSE,2,1,FALSE
"72","TCGA-49-6745-01",NA,NA,NA,NA,NA,NA,NA,NA,NA,2,2,FALSE,1,0,TRUE,1,0,TRUE,1,0,TRUE,1,0,TRUE
"73","TCGA-49-6761-01",2,2,FALSE,2,2,FALSE,2,2,FALSE,2,0,TRUE,4,2,FALSE,4,2,FALSE,4,2,FALSE,2,0,TRUE
"74","TCGA-49-6767-01",2,2,FALSE,2,2,FALSE,2,2,FALSE,2,0,TRUE,4,2,FALSE,4,2,FALSE,4,2,FALSE,2,0,TRUE
"75","TCGA-49-AAQV-01",NA,NA,NA,NA,NA,NA,NA,NA,NA,2,0,TRUE,2,1,FALSE,2,1,FALSE,2,1,FALSE,3,0,TRUE
"76","TCGA-49-AAR0-01",NA,NA,NA,NA,NA,NA,NA,NA,NA,1,0,TRUE,2,1,FALSE,2,1,FALSE,2,1,FALSE,1,0,TRUE
"77","TCGA-49-AAR2-01",NA,NA,NA,NA,NA,NA,NA,NA,NA,NA,NA,NA,2,1,FALSE,2,1,FALSE,2,1,FALSE,2,1,FALSE
"78","TCGA-49-AAR3-01",2,0,TRUE,NA,NA,NA,2,0,TRUE,2,0,TRUE,2,0,TRUE,2,0,TRUE,2,0,TRUE,2,0,TRUE
"79","TCGA-49-AAR4-01",1,0,TRUE,1,0,TRUE,1,0,TRUE,1,0,TRUE,1,0,TRUE,1,0,TRUE,1,0,TRUE,1,0,TRUE
"80","TCGA-49-AAR9-01",2,0,TRUE,2,0,TRUE,2,0,TRUE,1,0,TRUE,2,0,TRUE,2,0,TRUE,2,0,TRUE,1,0,TRUE
"81","TCGA-49-AARE-01",2,0,TRUE,2,0,TRUE,2,0,TRUE,2,0,TRUE,2,0,TRUE,2,0,TRUE,2,0,TRUE,2,0,TRUE
"82","TCGA-49-AARN-01",NA,NA,NA,NA,NA,NA,NA,NA,NA,1,0,TRUE,2,1,FALSE,2,1,FALSE,2,1,FALSE,1,0,TRUE
"83","TCGA-49-AARO-01",3,2,FALSE,5,0,TRUE,5,0,TRUE,2,0,TRUE,5,1,FALSE,2,1,FALSE,2,1,FALSE,1,0,TRUE
"84","TCGA-49-AARQ-01",2,1,FALSE,2,1,FALSE,2,1,FALSE,2,0,TRUE,3,1,FALSE,3,1,FALSE,3,1,FALSE,2,0,TRUE
"85","TCGA-49-AARR-01",NA,NA,NA,NA,NA,NA,NA,NA,NA,NA,NA,NA,2,1,FALSE,2,1,FALSE,2,1,FALSE,2,1,FALSE
"86","TCGA-4B-A93V-01",2,0,TRUE,2,0,TRUE,2,0,TRUE,2,0,TRUE,2,0,TRUE,2,0,TRUE,2,0,TRUE,2,0,TRUE
"87","TCGA-50-5044-01",NA,NA,NA,NA,NA,NA,NA,NA,NA,NA,NA,NA,2,1,FALSE,2,1,FALSE,2,1,FALSE,1,0,TRUE
"88","TCGA-50-5045-01",NA,NA,NA,NA,NA,NA,NA,NA,NA,NA,NA,NA,2,1,FALSE,2,1,FALSE,2,1,FALSE,1,0,TRUE
"89","TCGA-50-5049-01",1,0,TRUE,1,0,TRUE,1,0,TRUE,1,0,TRUE,2,0,TRUE,2,0,TRUE,2,0,TRUE,1,0,TRUE
"90","TCGA-50-5051-01",NA,NA,NA,NA,NA,NA,NA,NA,NA,NA,NA,NA,2,1,FALSE,2,1,FALSE,2,1,FALSE,3,1,FALSE
"91","TCGA-50-5055-01",NA,NA,NA,NA,NA,NA,NA,NA,NA,NA,NA,NA,2,1,FALSE,7,NA,NA,2,1,FALSE,2,1,FALSE
"92","TCGA-50-5068-01",2,0,TRUE,2,0,TRUE,2,0,TRUE,2,0,TRUE,1,0,TRUE,1,0,TRUE,1,0,TRUE,1,0,TRUE
"93","TCGA-50-5072-01",NA,NA,NA,NA,NA,NA,NA,NA,NA,3,0,TRUE,2,1,FALSE,2,1,FALSE,2,1,FALSE,3,0,TRUE
"94","TCGA-50-5930-01",2,0,TRUE,2,0,TRUE,2,0,TRUE,2,0,TRUE,2,1,FALSE,2,1,FALSE,2,1,FALSE,3,0,TRUE
"95","TCGA-50-5931-01",NA,NA,NA,NA,NA,NA,NA,NA,NA,1,0,TRUE,4,2,FALSE,4,2,FALSE,4,2,FALSE,2,0,TRUE
"96","TCGA-50-5932-01",2,1,FALSE,2,1,FALSE,2,1,FALSE,NA,NA,NA,3,1,FALSE,3,1,FALSE,3,1,FALSE,2,1,FALSE
"97","TCGA-50-5933-01",4,0,TRUE,4,0,TRUE,4,0,TRUE,2,0,TRUE,4,0,TRUE,4,0,TRUE,4,0,TRUE,3,1,FALSE
"98","TCGA-50-5935-01",4,3,FALSE,4,3,FALSE,4,3,FALSE,4,3,FALSE,4,2,FALSE,4,2,FALSE,4,2,FALSE,4,2,FALSE
"99","TCGA-50-5936-01",NA,NA,NA,NA,NA,NA,NA,NA,NA,1,0,TRUE,4,2,FALSE,4,2,FALSE,4,2,FALSE,2,0,TRUE
"100","TCGA-50-5939-01",NA,NA,NA,NA,NA,NA,NA,NA,NA,NA,NA,NA,2,1,FALSE,2,1,FALSE,2,1,FALSE,2,0,TRUE
"101","TCGA-50-5941-01",4,3,FALSE,4,3,FALSE,4,3,FALSE,2,0,TRUE,4,1,FALSE,4,1,FALSE,4,1,FALSE,2,0,TRUE
"102","TCGA-50-5942-01",NA,NA,NA,NA,NA,NA,NA,NA,NA,NA,NA,NA,2,1,FALSE,2,1,FALSE,2,1,FALSE,2,1,FALSE
"103","TCGA-50-5944-01",4,1,FALSE,4,1,FALSE,4,1,FALSE,2,0,TRUE,5,1,FALSE,5,1,FALSE,5,1,FALSE,2,0,TRUE
"104","TCGA-50-6590-01",3,1,FALSE,3,1,FALSE,3,1,FALSE,2,1,FALSE,4,1,FALSE,4,1,FALSE,4,1,FALSE,3,0,TRUE
"105","TCGA-50-6591-01",4,3,FALSE,4,3,FALSE,4,3,FALSE,3,0,TRUE,5,2,FALSE,5,2,FALSE,5,2,FALSE,1,0,TRUE
"106","TCGA-50-6592-01",2,1,FALSE,2,1,FALSE,2,1,FALSE,2,0,TRUE,3,1,FALSE,3,1,FALSE,3,1,FALSE,2,0,TRUE
"107","TCGA-50-6593-01",2,1,FALSE,2,1,FALSE,2,1,FALSE,2,0,TRUE,3,1,FALSE,7,NA,NA,3,1,FALSE,2,0,TRUE
"108","TCGA-50-6594-01",2,0,TRUE,2,0,TRUE,2,0,TRUE,2,0,TRUE,2,0,TRUE,2,0,TRUE,2,0,TRUE,2,0,TRUE
"109","TCGA-50-6595-01",NA,NA,NA,NA,NA,NA,NA,NA,NA,2,0,TRUE,2,1,FALSE,2,1,FALSE,2,1,FALSE,1,0,TRUE
"110","TCGA-50-6673-01",3,2,FALSE,3,2,FALSE,3,2,FALSE,4,0,TRUE,3,1,FALSE,3,1,FALSE,3,1,FALSE,1,0,TRUE
"111","TCGA-50-7109-01",3,1,FALSE,3,1,FALSE,3,1,FALSE,NA,NA,NA,4,1,FALSE,4,1,FALSE,4,1,FALSE,2,1,FALSE
"112","TCGA-50-8457-01",NA,NA,NA,NA,NA,NA,NA,NA,NA,NA,NA,NA,2,1,FALSE,2,1,FALSE,2,1,FALSE,1,0,TRUE
"113","TCGA-50-8459-01",NA,NA,NA,NA,NA,NA,NA,NA,NA,NA,NA,NA,2,1,FALSE,2,1,FALSE,2,1,FALSE,2,1,FALSE
"114","TCGA-50-8460-01",NA,NA,NA,NA,NA,NA,NA,NA,NA,NA,NA,NA,2,1,FALSE,2,1,FALSE,2,1,FALSE,2,1,FALSE
"115","TCGA-53-7624-01",4,0,TRUE,4,0,TRUE,4,0,TRUE,2,0,TRUE,4,0,TRUE,4,0,TRUE,4,0,TRUE,2,0,TRUE
"116","TCGA-53-7626-01",1,0,TRUE,1,0,TRUE,1,0,TRUE,1,0,TRUE,1,0,TRUE,1,0,TRUE,1,0,TRUE,1,0,TRUE
"117","TCGA-53-7813-01",2,2,FALSE,2,2,FALSE,2,2,FALSE,NA,NA,NA,4,2,FALSE,4,2,FALSE,4,2,FALSE,2,1,FALSE
"118","TCGA-53-A4EZ-01",4,0,TRUE,4,0,TRUE,4,0,TRUE,3,0,TRUE,6,0,TRUE,6,0,TRUE,6,0,TRUE,4,0,TRUE
"119","TCGA-55-5899-01",3,0,TRUE,3,0,TRUE,3,0,TRUE,2,0,TRUE,3,0,TRUE,3,0,TRUE,3,0,TRUE,2,0,TRUE
"120","TCGA-55-6543-01",NA,NA,NA,NA,NA,NA,NA,NA,NA,NA,NA,NA,2,1,FALSE,2,1,FALSE,2,1,FALSE,2,1,FALSE
"121","TCGA-55-6642-01",3,0,TRUE,3,0,TRUE,3,0,TRUE,2,1,FALSE,3,0,TRUE,3,0,TRUE,3,0,TRUE,2,1,FALSE
"122","TCGA-55-6712-01",2,2,FALSE,2,2,FALSE,2,2,FALSE,2,0,TRUE,2,1,FALSE,2,1,FALSE,2,1,FALSE,1,0,TRUE
"123","TCGA-55-6968-01",1,0,TRUE,1,0,TRUE,1,0,TRUE,1,0,TRUE,1,0,TRUE,1,0,TRUE,1,0,TRUE,1,0,TRUE
"124","TCGA-55-6969-01",2,0,TRUE,2,0,TRUE,2,0,TRUE,2,1,FALSE,2,0,TRUE,2,0,TRUE,2,0,TRUE,1,0,TRUE
"125","TCGA-55-6970-01",NA,NA,NA,NA,NA,NA,NA,NA,NA,1,0,TRUE,4,2,FALSE,4,2,FALSE,4,2,FALSE,2,0,TRUE
"126","TCGA-55-6971-01",NA,NA,NA,NA,NA,NA,NA,NA,NA,2,1,FALSE,1,0,TRUE,1,0,TRUE,1,0,TRUE,2,0,TRUE
"127","TCGA-55-6972-01",3,1,FALSE,3,1,FALSE,3,1,FALSE,NA,NA,NA,4,1,FALSE,4,1,FALSE,4,1,FALSE,2,1,FALSE
"128","TCGA-55-6975-01",NA,NA,NA,NA,NA,NA,NA,NA,NA,1,0,TRUE,2,1,FALSE,2,1,FALSE,2,1,FALSE,1,0,TRUE
"129","TCGA-55-6978-01",2,0,TRUE,2,0,TRUE,2,0,TRUE,2,0,TRUE,2,0,TRUE,2,0,TRUE,2,0,TRUE,2,0,TRUE
"130","TCGA-55-6979-01",NA,NA,NA,NA,NA,NA,NA,NA,NA,1,0,TRUE,2,1,FALSE,2,1,FALSE,2,1,FALSE,1,0,TRUE
"131","TCGA-55-6980-01",2,0,TRUE,2,0,TRUE,2,0,TRUE,1,0,TRUE,2,0,TRUE,2,0,TRUE,2,0,TRUE,1,0,TRUE
"132","TCGA-55-6981-01",2,1,FALSE,2,1,FALSE,2,1,FALSE,2,0,TRUE,2,0,TRUE,2,0,TRUE,2,0,TRUE,1,0,TRUE
"133","TCGA-55-6982-01",NA,NA,NA,NA,NA,NA,NA,NA,NA,1,0,TRUE,2,0,TRUE,2,0,TRUE,2,0,TRUE,1,0,TRUE
"134","TCGA-55-6983-01",NA,NA,NA,NA,NA,NA,NA,NA,NA,NA,NA,NA,2,1,FALSE,2,1,FALSE,2,1,FALSE,2,1,FALSE
"135","TCGA-55-6984-01",2,2,FALSE,2,2,FALSE,2,2,FALSE,2,1,FALSE,2,1,FALSE,2,1,FALSE,2,1,FALSE,1,0,TRUE
"136","TCGA-55-6985-01",2,1,FALSE,2,1,FALSE,2,1,FALSE,1,0,TRUE,3,1,FALSE,3,1,FALSE,3,1,FALSE,1,0,TRUE
"137","TCGA-55-6986-01",NA,NA,NA,NA,NA,NA,NA,NA,NA,NA,NA,NA,2,1,FALSE,2,1,FALSE,2,1,FALSE,2,1,FALSE
"138","TCGA-55-6987-01",2,0,TRUE,2,0,TRUE,2,0,TRUE,NA,NA,NA,2,0,TRUE,2,0,TRUE,2,0,TRUE,1,0,TRUE
"139","TCGA-55-7284-01",NA,NA,NA,NA,NA,NA,NA,NA,NA,NA,NA,NA,3,1,FALSE,3,1,FALSE,3,1,FALSE,2,1,FALSE
"140","TCGA-55-7573-01",4,0,TRUE,4,0,TRUE,4,0,TRUE,2,0,TRUE,3,0,TRUE,3,0,TRUE,3,0,TRUE,1,0,TRUE
"141","TCGA-55-7724-01",NA,NA,NA,NA,NA,NA,NA,NA,NA,1,0,TRUE,1,0,TRUE,1,0,TRUE,1,0,TRUE,1,0,TRUE
"142","TCGA-55-7725-01",NA,NA,NA,NA,NA,NA,NA,NA,NA,NA,NA,NA,2,1,FALSE,2,1,FALSE,2,1,FALSE,2,1,FALSE
"143","TCGA-55-7726-01",3,0,TRUE,3,0,TRUE,3,0,TRUE,2,0,TRUE,2,0,TRUE,2,0,TRUE,2,0,TRUE,1,0,TRUE
"144","TCGA-55-7727-01",NA,NA,NA,NA,NA,NA,NA,NA,NA,1,0,TRUE,2,1,FALSE,2,1,FALSE,2,1,FALSE,1,0,TRUE
"145","TCGA-55-7728-01",NA,NA,NA,NA,NA,NA,NA,NA,NA,NA,NA,NA,2,1,FALSE,2,1,FALSE,2,1,FALSE,2,1,FALSE
"146","TCGA-55-7815-01",2,2,FALSE,2,2,FALSE,2,2,FALSE,2,2,FALSE,4,2,FALSE,4,2,FALSE,4,2,FALSE,4,2,FALSE
"147","TCGA-55-7903-01",NA,NA,NA,NA,NA,NA,NA,NA,NA,1,0,TRUE,4,2,FALSE,4,2,FALSE,4,2,FALSE,2,0,TRUE
"148","TCGA-55-7907-01",2,1,FALSE,2,1,FALSE,2,1,FALSE,5,0,TRUE,3,1,FALSE,3,1,FALSE,3,1,FALSE,5,0,TRUE
"149","TCGA-55-7910-01",3,0,TRUE,3,0,TRUE,3,0,TRUE,2,0,TRUE,3,0,TRUE,3,0,TRUE,3,0,TRUE,2,0,TRUE
"150","TCGA-55-7911-01",2,2,FALSE,2,2,FALSE,2,2,FALSE,2,0,TRUE,2,1,FALSE,2,1,FALSE,2,1,FALSE,1,0,TRUE
"151","TCGA-55-7913-01",2,1,FALSE,2,1,FALSE,2,1,FALSE,2,1,FALSE,2,0,TRUE,2,0,TRUE,2,0,TRUE,2,0,TRUE
"152","TCGA-55-7914-01",2,1,FALSE,2,1,FALSE,2,1,FALSE,1,0,TRUE,3,1,FALSE,3,1,FALSE,3,1,FALSE,1,0,TRUE
"153","TCGA-55-7994-01",3,1,FALSE,3,1,FALSE,3,1,FALSE,2,0,TRUE,4,1,FALSE,4,1,FALSE,4,1,FALSE,2,0,TRUE
"154","TCGA-55-7995-01",2,1,FALSE,2,1,FALSE,2,1,FALSE,2,0,TRUE,3,1,FALSE,3,1,FALSE,3,1,FALSE,2,0,TRUE
"155","TCGA-55-8085-01",3,0,TRUE,3,1,FALSE,3,1,FALSE,1,0,TRUE,3,0,TRUE,4,1,FALSE,4,1,FALSE,1,0,TRUE
"156","TCGA-55-8087-01",NA,NA,NA,NA,NA,NA,NA,NA,NA,NA,NA,NA,2,1,FALSE,2,1,FALSE,2,1,FALSE,2,1,FALSE
"157","TCGA-55-8089-01",1,0,TRUE,1,0,TRUE,1,0,TRUE,1,0,TRUE,2,1,FALSE,2,1,FALSE,2,1,FALSE,1,0,TRUE
"158","TCGA-55-8090-01",2,1,FALSE,2,1,FALSE,2,1,FALSE,2,2,FALSE,1,0,TRUE,1,0,TRUE,1,0,TRUE,2,1,FALSE
"159","TCGA-55-8091-01",1,0,TRUE,1,0,TRUE,1,0,TRUE,1,0,TRUE,1,0,TRUE,1,0,TRUE,1,0,TRUE,1,0,TRUE
"160","TCGA-55-8092-01",3,0,TRUE,3,0,TRUE,3,0,TRUE,3,0,TRUE,4,0,TRUE,4,0,TRUE,4,0,TRUE,3,0,TRUE
"161","TCGA-55-8094-01",2,1,FALSE,2,1,FALSE,2,1,FALSE,5,0,TRUE,3,1,FALSE,3,1,FALSE,3,1,FALSE,5,0,TRUE
"162","TCGA-55-8096-01",2,0,TRUE,2,0,TRUE,2,0,TRUE,2,0,TRUE,2,0,TRUE,2,0,TRUE,2,0,TRUE,1,0,TRUE
"163","TCGA-55-8097-01",NA,NA,NA,NA,NA,NA,NA,NA,NA,1,0,TRUE,3,1,FALSE,3,1,FALSE,3,1,FALSE,1,0,TRUE
"164","TCGA-55-8203-01",3,2,FALSE,3,2,FALSE,3,2,FALSE,2,2,FALSE,5,2,FALSE,5,2,FALSE,5,2,FALSE,4,2,FALSE
"165","TCGA-55-8204-01",2,0,TRUE,2,0,TRUE,2,0,TRUE,2,0,TRUE,2,0,TRUE,2,0,TRUE,2,0,TRUE,2,0,TRUE
"166","TCGA-55-8205-01",4,0,TRUE,4,0,TRUE,4,0,TRUE,2,0,TRUE,3,0,TRUE,3,0,TRUE,3,0,TRUE,1,0,TRUE
"167","TCGA-55-8206-01",2,2,FALSE,2,2,FALSE,2,2,FALSE,2,1,FALSE,4,2,FALSE,4,2,FALSE,4,2,FALSE,3,1,FALSE
"168","TCGA-55-8207-01",2,2,FALSE,2,2,FALSE,2,2,FALSE,2,0,TRUE,4,2,FALSE,4,2,FALSE,4,2,FALSE,2,0,TRUE
"169","TCGA-55-8208-01",2,1,FALSE,2,1,FALSE,2,1,FALSE,NA,NA,NA,3,1,FALSE,3,1,FALSE,3,1,FALSE,2,0,TRUE
"170","TCGA-55-8301-01",2,0,TRUE,2,0,TRUE,2,0,TRUE,2,0,TRUE,2,0,TRUE,2,0,TRUE,2,0,TRUE,2,0,TRUE
"171","TCGA-55-8302-01",NA,NA,NA,NA,NA,NA,NA,NA,NA,1,0,TRUE,2,1,FALSE,2,1,FALSE,2,1,FALSE,2,0,TRUE
"172","TCGA-55-8505-01",2,0,TRUE,2,0,TRUE,2,0,TRUE,NA,NA,NA,2,0,TRUE,2,0,TRUE,2,0,TRUE,2,1,FALSE
"173","TCGA-55-8506-01",2,1,FALSE,4,2,FALSE,4,1,FALSE,2,0,TRUE,1,0,TRUE,3,1,FALSE,2.5,0,TRUE,1,0,TRUE
"174","TCGA-55-8507-01",3,1,FALSE,3,0,TRUE,2,0,TRUE,3,0,TRUE,4,1,FALSE,3,1,FALSE,3,1,FALSE,3,0,TRUE
"175","TCGA-55-8508-01",2,1,FALSE,2,1,FALSE,2,1,FALSE,2,1,FALSE,4,1,FALSE,4,1,FALSE,4,1,FALSE,4,1,FALSE
"176","TCGA-55-8510-01",5,0,TRUE,3,0,TRUE,5,0,TRUE,2,0,TRUE,3,1,FALSE,3,1,FALSE,3,1,FALSE,2,0,TRUE
"177","TCGA-55-8511-01",2,0,TRUE,2,0,TRUE,2,0,TRUE,2,0,TRUE,2,0,TRUE,2,0,TRUE,2,0,TRUE,2,0,TRUE
"178","TCGA-55-8512-01",2,1,FALSE,2,1,FALSE,2,1,FALSE,NA,NA,NA,3,1,FALSE,3,1,FALSE,3,1,FALSE,2,1,FALSE
"179","TCGA-55-8513-01",NA,NA,NA,NA,NA,NA,NA,NA,NA,NA,NA,NA,2,1,FALSE,2,1,FALSE,2,1,FALSE,2,1,FALSE
"180","TCGA-55-8514-01",2,2,FALSE,2,2,FALSE,2,2,FALSE,2,0,TRUE,4,2,FALSE,4,2,FALSE,4,2,FALSE,2,0,TRUE
"181","TCGA-55-8614-01",3,2,FALSE,3,2,FALSE,3,2,FALSE,2,0,TRUE,3,1,FALSE,3,1,FALSE,3,1,FALSE,1,0,TRUE
"182","TCGA-55-8615-01",4,2,FALSE,4,2,FALSE,4,2,FALSE,3,2,FALSE,6,2,FALSE,6,2,FALSE,6,2,FALSE,5,2,FALSE
"183","TCGA-55-8616-01",2,2,FALSE,2,2,FALSE,2,2,FALSE,4,0,TRUE,2,1,FALSE,2,1,FALSE,2,1,FALSE,2,0,TRUE
"184","TCGA-55-8619-01",NA,NA,NA,NA,NA,NA,NA,NA,NA,NA,NA,NA,2,1,FALSE,2,1,FALSE,2,1,FALSE,1,0,TRUE
"185","TCGA-55-8620-01",2,1,FALSE,2,1,FALSE,2,1,FALSE,1,0,TRUE,3,1,FALSE,3,1,FALSE,3,1,FALSE,2,0,TRUE
"186","TCGA-55-8621-01",NA,NA,NA,NA,NA,NA,NA,NA,NA,NA,NA,NA,2,1,FALSE,2,1,FALSE,2,1,FALSE,2,1,FALSE
"187","TCGA-55-A48X-01",NA,NA,NA,NA,NA,NA,NA,NA,NA,1,0,TRUE,3,1,FALSE,3,1,FALSE,3,1,FALSE,1,0,TRUE
"188","TCGA-55-A48Y-01",NA,NA,NA,NA,NA,NA,NA,NA,NA,1,0,TRUE,3,1,FALSE,3,1,FALSE,3,1,FALSE,1,0,TRUE
"189","TCGA-55-A48Z-01",2,1,FALSE,2,1,FALSE,2,1,FALSE,1,0,TRUE,3,1,FALSE,3,1,FALSE,3,1,FALSE,1,0,TRUE
"190","TCGA-55-A490-01",2,2,FALSE,2,2,FALSE,2,2,FALSE,3,0,TRUE,4,2,FALSE,4,2,FALSE,4,2,FALSE,3,0,TRUE
"191","TCGA-55-A491-01",2,1,FALSE,2,1,FALSE,2,1,FALSE,2,0,TRUE,3,1,FALSE,3,1,FALSE,3,1,FALSE,2,0,TRUE
"192","TCGA-55-A492-01",2,2,FALSE,2,2,FALSE,2,2,FALSE,2,2,FALSE,2,1,FALSE,2,1,FALSE,2,1,FALSE,2,1,FALSE
"193","TCGA-55-A493-01",1,0,TRUE,NA,NA,NA,1,0,TRUE,1,0,TRUE,1,0,TRUE,1,0,TRUE,1,0,TRUE,1,0,TRUE
"194","TCGA-55-A494-01",2,2,FALSE,2,2,FALSE,2,2,FALSE,2,1,FALSE,5,2,FALSE,4,2,FALSE,4,2,FALSE,3,1,FALSE
"195","TCGA-55-A4DF-01",3,0,TRUE,3,0,TRUE,3,0,TRUE,3,0,TRUE,3,0,TRUE,3,0,TRUE,3,0,TRUE,3,0,TRUE
"196","TCGA-55-A4DG-01",4,0,TRUE,4,0,TRUE,4,0,TRUE,4,0,TRUE,4,0,TRUE,4,0,TRUE,4,0,TRUE,4,0,TRUE
"197","TCGA-55-A57B-01",1,0,TRUE,1,0,TRUE,1,0,TRUE,1,0,TRUE,2,1,FALSE,2,1,FALSE,2,1,FALSE,1,0,TRUE
"198","TCGA-62-8394-01",2,1,FALSE,2,1,FALSE,3,1,FALSE,2,0,TRUE,3,1,FALSE,3,1,FALSE,3,1,FALSE,2,0,TRUE
"199","TCGA-62-8395-01",NA,NA,NA,NA,NA,NA,NA,NA,NA,NA,NA,NA,2,1,FALSE,2,1,FALSE,2,1,FALSE,2,1,FALSE
"200","TCGA-62-8397-01",2,2,FALSE,2,2,FALSE,2,2,FALSE,2,0,TRUE,4,2,FALSE,4,2,FALSE,4,2,FALSE,2,0,TRUE
"201","TCGA-62-8398-01",2,1,FALSE,2,1,FALSE,2,1,FALSE,2,2,FALSE,5,2,FALSE,5,2,FALSE,5,2,FALSE,5,2,FALSE
"202","TCGA-62-8399-01",2,2,FALSE,2,2,FALSE,2,2,FALSE,2,0,TRUE,4,2,FALSE,4,2,FALSE,4,2,FALSE,2,0,TRUE
"203","TCGA-62-8402-01",5,0,TRUE,5,0,TRUE,5,0,TRUE,4,0,TRUE,5,0,TRUE,5,0,TRUE,5,0,TRUE,4,0,TRUE
"204","TCGA-62-A46O-01",2,1,FALSE,2,1,FALSE,2,1,FALSE,2,0,TRUE,3,1,FALSE,3,1,FALSE,3,1,FALSE,2,0,TRUE
"205","TCGA-62-A46P-01",NA,NA,NA,NA,NA,NA,NA,NA,NA,NA,NA,NA,2,1,FALSE,2,1,FALSE,2,1,FALSE,2,1,FALSE
"206","TCGA-62-A46R-01",2,0,TRUE,2,0,TRUE,2,0,TRUE,2,0,TRUE,2,0,TRUE,2,0,TRUE,2,0,TRUE,2,0,TRUE
"207","TCGA-62-A46S-01",2,2,FALSE,2,2,FALSE,2,2,FALSE,2,0,TRUE,2,1,FALSE,2,1,FALSE,2,1,FALSE,1,0,TRUE
"208","TCGA-62-A46U-01",5,2,FALSE,5,2,FALSE,5,2,FALSE,2,0,TRUE,4,1,FALSE,4,1,FALSE,4,1,FALSE,1,0,TRUE
"209","TCGA-62-A46V-01",2,1,FALSE,2,1,FALSE,2,1,FALSE,NA,NA,NA,3,1,FALSE,3,1,FALSE,3,1,FALSE,2,1,FALSE
"210","TCGA-62-A46Y-01",NA,NA,NA,NA,NA,NA,NA,NA,NA,2,0,TRUE,2,1,FALSE,2,1,FALSE,2,1,FALSE,2,0,TRUE
"211","TCGA-62-A470-01",2,2,FALSE,2,2,FALSE,2,2,FALSE,2,1,FALSE,4,2,FALSE,4,2,FALSE,4,2,FALSE,3,1,FALSE
"212","TCGA-62-A471-01",2,2,FALSE,2,2,FALSE,2,2,FALSE,3,0,TRUE,4,2,FALSE,4,2,FALSE,4,2,FALSE,3,0,TRUE
"213","TCGA-62-A472-01",2,0,TRUE,2,0,TRUE,2,0,TRUE,2,0,TRUE,1,0,TRUE,1,0,TRUE,1,0,TRUE,1,0,TRUE
"214","TCGA-64-1677-01",3,2,FALSE,3,2,FALSE,3,2,FALSE,2,1,FALSE,5,2,FALSE,5,2,FALSE,5,2,FALSE,3,1,FALSE
"215","TCGA-64-1679-01",2,2,FALSE,2,2,FALSE,2,2,FALSE,2,0,TRUE,2,1,FALSE,2,1,FALSE,2,1,FALSE,1,0,TRUE
"216","TCGA-64-1681-01",3,3,FALSE,3,3,FALSE,3,3,FALSE,4,0,TRUE,3,1,FALSE,3,1,FALSE,3,1,FALSE,2,0,TRUE
"217","TCGA-64-5774-01",2,1,FALSE,2,1,FALSE,2,1,FALSE,NA,NA,NA,3,1,FALSE,3,1,FALSE,3,1,FALSE,2,1,FALSE
"218","TCGA-64-5775-01",2,1,FALSE,2,1,FALSE,2,1,FALSE,3,0,TRUE,3,1,FALSE,3,1,FALSE,3,1,FALSE,3,0,TRUE
"219","TCGA-64-5778-01",NA,NA,NA,NA,NA,NA,NA,NA,NA,1,0,TRUE,2,1,FALSE,2,1,FALSE,2,1,FALSE,1,0,TRUE
"220","TCGA-64-5779-01",2,2,FALSE,2,2,FALSE,2,2,FALSE,2,0,TRUE,4,2,FALSE,4,2,FALSE,4,2,FALSE,2,0,TRUE
"221","TCGA-64-5781-01",1,0,TRUE,1,0,TRUE,1,0,TRUE,NA,NA,NA,2,0,TRUE,2,0,TRUE,2,0,TRUE,1,0,TRUE
"222","TCGA-64-5815-01",NA,NA,NA,NA,NA,NA,NA,NA,NA,1,0,TRUE,2,1,FALSE,2,1,FALSE,2,1,FALSE,1,0,TRUE
"223","TCGA-67-3772-01",NA,NA,NA,NA,NA,NA,NA,NA,NA,1,0,TRUE,2,1,FALSE,2,1,FALSE,2,1,FALSE,1,0,TRUE
"224","TCGA-67-4679-01",2,1,FALSE,2,1,FALSE,2,1,FALSE,NA,NA,NA,3,1,FALSE,3,1,FALSE,3,1,FALSE,2,1,FALSE
"225","TCGA-67-6215-01",2,1,FALSE,2,1,FALSE,2,1,FALSE,NA,NA,NA,3,1,FALSE,2,0,TRUE,2,0,TRUE,2,1,FALSE
"226","TCGA-67-6216-01",NA,NA,NA,NA,NA,NA,NA,NA,NA,NA,NA,NA,2,1,FALSE,2,1,FALSE,2,1,FALSE,2,1,FALSE
"227","TCGA-67-6217-01",6,0,TRUE,6,0,TRUE,6,0,TRUE,4,0,TRUE,2,0,TRUE,2,0,TRUE,2,0,TRUE,1,0,TRUE
"228","TCGA-69-7760-01",2,1,FALSE,2,1,FALSE,2,1,FALSE,2,0,TRUE,3,1,FALSE,3,1,FALSE,3,1,FALSE,2,0,TRUE
"229","TCGA-69-7761-01",2,2,FALSE,2,2,FALSE,2,2,FALSE,2,0,TRUE,2,1,FALSE,2,1,FALSE,2,1,FALSE,1,0,TRUE
"230","TCGA-69-7763-01",2,2,FALSE,2,2,FALSE,2,2,FALSE,2,0,TRUE,4,2,FALSE,4,2,FALSE,4,2,FALSE,2,0,TRUE
"231","TCGA-69-7764-01",NA,NA,NA,2,1,FALSE,2,1,FALSE,1,0,TRUE,5,2,FALSE,5,2,FALSE,5,2,FALSE,2,0,TRUE
"232","TCGA-69-7765-01",NA,NA,NA,NA,NA,NA,NA,NA,NA,1,0,TRUE,2,1,FALSE,2,1,FALSE,2,1,FALSE,1,0,TRUE
"233","TCGA-69-7973-01",2,1,FALSE,2,1,FALSE,2,1,FALSE,2,2,FALSE,3,1,FALSE,3,1,FALSE,3,1,FALSE,4,2,FALSE
"234","TCGA-69-7974-01",2,2,FALSE,2,2,FALSE,2,2,FALSE,2,0,TRUE,4,2,FALSE,4,2,FALSE,4,2,FALSE,2,0,TRUE
"235","TCGA-69-7978-01",2,1,FALSE,2,1,FALSE,2,1,FALSE,2,0,TRUE,2,1,FALSE,6,0,TRUE,2,1,FALSE,1,0,TRUE
"236","TCGA-69-7979-01",4,2,FALSE,4,2,FALSE,4,2,FALSE,4,0,TRUE,6,2,FALSE,6,2,FALSE,6,2,FALSE,4,0,TRUE
"237","TCGA-69-7980-01",4,0,TRUE,4,0,TRUE,4,0,TRUE,3,0,TRUE,6,1,FALSE,5,0,TRUE,5,0,TRUE,3,0,TRUE
"238","TCGA-69-8253-01",NA,NA,NA,NA,NA,NA,NA,NA,NA,2,1,FALSE,2,1,FALSE,2,1,FALSE,2,1,FALSE,3,1,FALSE
"239","TCGA-69-8254-01",NA,NA,NA,NA,NA,NA,NA,NA,NA,NA,NA,NA,2,1,FALSE,2,1,FALSE,2,1,FALSE,2,1,FALSE
"240","TCGA-69-8255-01",4,0,TRUE,4,0,TRUE,4,0,TRUE,2,0,TRUE,4,0,TRUE,4,0,TRUE,4,0,TRUE,2,0,TRUE
"241","TCGA-71-6725-01",4,0,TRUE,4,0,TRUE,4,0,TRUE,2,0,TRUE,4,0,TRUE,4,0,TRUE,4,0,TRUE,2,0,TRUE
"242","TCGA-73-4658-01",NA,NA,NA,NA,NA,NA,NA,NA,NA,NA,NA,NA,3,1,FALSE,3,1,FALSE,3,1,FALSE,1,0,TRUE
"243","TCGA-73-4659-01",2,1,FALSE,2,1,FALSE,2,1,FALSE,2,1,FALSE,3,1,FALSE,3,1,FALSE,3,1,FALSE,3,1,FALSE
"244","TCGA-73-4662-01",2,2,FALSE,2,2,FALSE,2,2,FALSE,2,1,FALSE,4,2,FALSE,4,2,FALSE,4,2,FALSE,3,1,FALSE
"245","TCGA-73-4666-01",4,0,TRUE,4,0,TRUE,4,0,TRUE,2,2,FALSE,4,0,TRUE,4,NA,NA,4,0,TRUE,4,0,TRUE
"246","TCGA-73-4668-01",3,2,FALSE,3,2,FALSE,3,2,FALSE,2,0,TRUE,5,2,FALSE,5,2,FALSE,5,2,FALSE,2,0,TRUE
"247","TCGA-73-4670-01",3,2,FALSE,3,2,FALSE,3,2,FALSE,2,0,TRUE,5,2,FALSE,5,2,FALSE,5,2,FALSE,2,0,TRUE
"248","TCGA-73-4675-01",2,0,TRUE,2,0,TRUE,2,0,TRUE,2,2,FALSE,2,0,TRUE,2,0,TRUE,2,0,TRUE,4,2,FALSE
"249","TCGA-73-4676-01",1,0,TRUE,1,0,TRUE,1,0,TRUE,1,0,TRUE,2,0,TRUE,2,0,TRUE,2,0,TRUE,2,0,TRUE
"250","TCGA-73-4677-01",3,2,FALSE,3,2,FALSE,3,2,FALSE,2,1,FALSE,7,2,FALSE,7,2,FALSE,7,2,FALSE,3,1,FALSE
"251","TCGA-73-7498-01",2,1,FALSE,2,1,FALSE,2,1,FALSE,NA,NA,NA,6,2,FALSE,6,2,FALSE,6,2,FALSE,4,2,FALSE
"252","TCGA-73-7499-01",4,0,TRUE,4,0,TRUE,4,0,TRUE,2,0,TRUE,4,0,TRUE,4,0,TRUE,4,0,TRUE,2,0,TRUE
"253","TCGA-73-A9RS-01",2,1,FALSE,2,1,FALSE,2,1,FALSE,2,0,TRUE,3,1,FALSE,3,1,FALSE,3,1,FALSE,2,0,TRUE
"254","TCGA-75-5122-01",NA,NA,NA,NA,NA,NA,NA,NA,NA,1,0,TRUE,3,1,FALSE,3,1,FALSE,3,1,FALSE,2,1,FALSE
"255","TCGA-75-5125-01",3,1,FALSE,3,1,FALSE,3,1,FALSE,2,0,TRUE,3,0,TRUE,3,0,TRUE,3,0,TRUE,2,0,TRUE
"256","TCGA-75-5126-01",2,0,TRUE,2,0,TRUE,2,0,TRUE,NA,NA,NA,2,1,FALSE,2,1,FALSE,2,1,FALSE,1,0,TRUE
"257","TCGA-75-5146-01",NA,NA,NA,NA,NA,NA,NA,NA,NA,NA,NA,NA,2,1,FALSE,2,1,FALSE,2,1,FALSE,2,1,FALSE
"258","TCGA-75-5147-01",2,1,FALSE,2,1,FALSE,2,1,FALSE,2,0,TRUE,3,1,FALSE,3,1,FALSE,3,1,FALSE,2,0,TRUE
"259","TCGA-75-6203-01",NA,NA,NA,NA,NA,NA,NA,NA,NA,NA,NA,NA,2,1,FALSE,2,1,FALSE,2,1,FALSE,2,1,FALSE
"260","TCGA-75-6205-01",1,0,TRUE,1,0,TRUE,1,0,TRUE,0,0,TRUE,1,0,TRUE,1,0,TRUE,1,0,TRUE,1,0,TRUE
"261","TCGA-75-6207-01",NA,NA,NA,NA,NA,NA,NA,NA,NA,1,0,TRUE,2,1,FALSE,2,1,FALSE,2,1,FALSE,1,0,TRUE
"262","TCGA-75-6211-01",NA,NA,NA,NA,NA,NA,NA,NA,NA,3,0,TRUE,3,1,FALSE,3,1,FALSE,3,1,FALSE,3,0,TRUE
"263","TCGA-75-6212-01",2,1,FALSE,2,1,FALSE,2,1,FALSE,NA,NA,NA,3,1,FALSE,3,1,FALSE,3,1,FALSE,2,1,FALSE
"264","TCGA-75-6214-01",2,1,FALSE,2,1,FALSE,2,1,FALSE,2,0,TRUE,3,1,FALSE,3,1,FALSE,3,1,FALSE,2,0,TRUE
"265","TCGA-75-7025-01",2,1,FALSE,2,1,FALSE,2,1,FALSE,2,1,FALSE,1,0,TRUE,1,0,TRUE,1,0,TRUE,1,0,TRUE
"266","TCGA-75-7027-01",2,1,FALSE,2,1,FALSE,2,1,FALSE,2,1,FALSE,3,1,FALSE,3,1,FALSE,3,1,FALSE,3,1,FALSE
"267","TCGA-75-7031-01",2,2,FALSE,2,2,FALSE,2,2,FALSE,2,0,TRUE,4,2,FALSE,4,2,FALSE,4,2,FALSE,3,0,TRUE
"268","TCGA-78-7145-01",2,1,FALSE,2,1,FALSE,2,1,FALSE,2,0,TRUE,3,1,FALSE,3,1,FALSE,3,1,FALSE,2,0,TRUE
"269","TCGA-78-7146-01",3,0,TRUE,3,0,TRUE,3,0,TRUE,2,0,TRUE,3,0,TRUE,3,0,TRUE,3,0,TRUE,2,0,TRUE
"270","TCGA-78-7147-01",2,2,FALSE,2,2,FALSE,2,2,FALSE,2,0,TRUE,4,2,FALSE,4,2,FALSE,4,2,FALSE,2,0,TRUE
"271","TCGA-78-7148-01",NA,NA,NA,NA,NA,NA,NA,NA,NA,NA,NA,NA,2,1,FALSE,2,1,FALSE,2,1,FALSE,2,1,FALSE
"272","TCGA-78-7149-01",3,2,FALSE,3,2,FALSE,3,2,FALSE,2,2,FALSE,5,2,FALSE,5,2,FALSE,5,2,FALSE,4,2,FALSE
"273","TCGA-78-7150-01",2,1,FALSE,2,1,FALSE,2,1,FALSE,2,0,TRUE,3,1,FALSE,3,1,FALSE,3,1,FALSE,2,0,TRUE
"274","TCGA-78-7152-01",NA,NA,NA,NA,NA,NA,NA,NA,NA,NA,NA,NA,2,1,FALSE,2,1,FALSE,2,1,FALSE,2,1,FALSE
"275","TCGA-78-7153-01",2,1,FALSE,2,1,FALSE,2,1,FALSE,2,2,FALSE,1,0,TRUE,1,0,TRUE,1,0,TRUE,2,1,FALSE
"276","TCGA-78-7154-01",2,0,TRUE,2,0,TRUE,2,0,TRUE,3,0,TRUE,3,1,FALSE,2,0,TRUE,2,0,TRUE,3,0,TRUE
"277","TCGA-78-7155-01",3,1,FALSE,3,1,FALSE,3,1,FALSE,5,0,TRUE,4,1,FALSE,4,1,FALSE,4,1,FALSE,3,0,TRUE
"278","TCGA-78-7156-01",NA,NA,NA,NA,NA,NA,NA,NA,NA,NA,NA,NA,2,1,FALSE,2,1,FALSE,2,1,FALSE,2,1,FALSE
"279","TCGA-78-7158-01",2,1,FALSE,2,1,FALSE,2,1,FALSE,NA,NA,NA,3,1,FALSE,3,1,FALSE,3,1,FALSE,2,1,FALSE
"280","TCGA-78-7159-01",2,2,FALSE,2,2,FALSE,2,2,FALSE,2,1,FALSE,3,1,FALSE,2,1,FALSE,3,1,FALSE,2,1,FALSE
"281","TCGA-78-7160-01",1,0,TRUE,1,0,TRUE,1,0,TRUE,NA,NA,NA,3,0,TRUE,3,0,TRUE,3,0,TRUE,2,1,FALSE
"282","TCGA-78-7161-01",2,2,FALSE,2,2,FALSE,2,2,FALSE,2,1,FALSE,4,2,FALSE,4,2,FALSE,4,2,FALSE,3,1,FALSE
"283","TCGA-78-7162-01",3,1,FALSE,3,1,FALSE,3,1,FALSE,NA,NA,NA,4,1,FALSE,4,1,FALSE,4,1,FALSE,2,1,FALSE
"284","TCGA-78-7163-01",NA,NA,NA,NA,NA,NA,NA,NA,NA,NA,NA,NA,2,1,FALSE,2,1,FALSE,2,1,FALSE,2,1,FALSE
"285","TCGA-78-7166-01",NA,NA,NA,NA,NA,NA,NA,NA,NA,NA,NA,NA,2,1,FALSE,2,1,FALSE,2,1,FALSE,2,1,FALSE
"286","TCGA-78-7167-01",2,2,FALSE,2,2,FALSE,2,2,FALSE,2,2,FALSE,4,2,FALSE,4,2,FALSE,4,2,FALSE,4,2,FALSE
"287","TCGA-78-7220-01",2,1,FALSE,2,1,FALSE,2,1,FALSE,4,0,TRUE,3,1,FALSE,3,1,FALSE,3,1,FALSE,4,0,TRUE
"288","TCGA-78-7535-01",2,0,TRUE,2,0,TRUE,2,0,TRUE,2,0,TRUE,3,0,TRUE,2,0,TRUE,2,0,TRUE,2,0,TRUE
"289","TCGA-78-7536-01",3,0,TRUE,3,0,TRUE,3,0,TRUE,2,0,TRUE,3,0,TRUE,3,0,TRUE,3,0,TRUE,2,0,TRUE
"290","TCGA-78-7537-01",NA,NA,NA,NA,NA,NA,NA,NA,NA,NA,NA,NA,2,1,FALSE,2,1,FALSE,2,1,FALSE,2,1,FALSE
"291","TCGA-78-7539-01",3,2,FALSE,3,2,FALSE,3,2,FALSE,NA,NA,NA,5,2,FALSE,5,2,FALSE,5,2,FALSE,2,1,FALSE
"292","TCGA-78-7540-01",NA,NA,NA,NA,NA,NA,NA,NA,NA,1,0,TRUE,2,1,FALSE,2,1,FALSE,2,1,FALSE,1,0,TRUE
"293","TCGA-78-7542-01",3,2,FALSE,3,2,FALSE,3,2,FALSE,4,0,TRUE,5,2,FALSE,5,2,FALSE,5,2,FALSE,4,0,TRUE
"294","TCGA-78-7633-01",2,1,FALSE,2,1,FALSE,2,1,FALSE,NA,NA,NA,3,1,FALSE,3,1,FALSE,3,1,FALSE,2,1,FALSE
"295","TCGA-78-8640-01",2,1,FALSE,2,1,FALSE,2,1,FALSE,1,0,TRUE,3,1,FALSE,3,1,FALSE,3,1,FALSE,1,0,TRUE
"296","TCGA-78-8655-01",4,2,FALSE,4,2,FALSE,4,2,FALSE,2,2,FALSE,3,1,FALSE,3,1,FALSE,3,1,FALSE,2,1,FALSE
"297","TCGA-78-8660-01",NA,NA,NA,NA,NA,NA,NA,NA,NA,1,0,TRUE,1,0,TRUE,1,0,TRUE,1,0,TRUE,2,0,TRUE
"298","TCGA-78-8662-01",2,2,FALSE,2,2,FALSE,2,2,FALSE,3,0,TRUE,4,2,FALSE,4,2,FALSE,4,2,FALSE,3,0,TRUE
"299","TCGA-80-5607-01",3,1,FALSE,3,1,FALSE,3,1,FALSE,NA,NA,NA,4,1,FALSE,5,1,FALSE,5,1,FALSE,2,1,FALSE
"300","TCGA-80-5608-01",2,1,FALSE,2,1,FALSE,2,1,FALSE,2,0,TRUE,3,1,FALSE,3,1,FALSE,3,1,FALSE,2,0,TRUE
"301","TCGA-80-5611-01",3,0,TRUE,3,0,TRUE,3,0,TRUE,1,0,TRUE,3,0,TRUE,3,0,TRUE,3,0,TRUE,2,0,TRUE
"302","TCGA-83-5908-01",NA,NA,NA,1,0,TRUE,1,0,TRUE,1,0,TRUE,3,1,FALSE,3,1,FALSE,3,1,FALSE,2,0,TRUE
"303","TCGA-86-6562-01",2,1,FALSE,2,1,FALSE,2,1,FALSE,2,2,FALSE,3,1,FALSE,3,1,FALSE,3,1,FALSE,4,2,FALSE
"304","TCGA-86-6851-01",2,2,FALSE,2,2,FALSE,2,2,FALSE,2,0,TRUE,4,2,FALSE,4,2,FALSE,4,2,FALSE,2,0,TRUE
"305","TCGA-86-7701-01",2,0,TRUE,2,0,TRUE,2,0,TRUE,2,0,TRUE,3,0,TRUE,3,0,TRUE,3,0,TRUE,3,0,TRUE
"306","TCGA-86-7714-01",NA,NA,NA,NA,NA,NA,NA,NA,NA,NA,NA,NA,2,1,FALSE,2,1,FALSE,2,1,FALSE,2,1,FALSE
"307","TCGA-86-7953-01",2,0,TRUE,2,0,TRUE,2,0,TRUE,2,0,TRUE,2,0,TRUE,2,0,TRUE,2,0,TRUE,2,0,TRUE
"308","TCGA-86-7954-01",3,2,FALSE,3,2,FALSE,3,2,FALSE,3,0,TRUE,5,2,FALSE,5,2,FALSE,5,2,FALSE,3,0,TRUE
"309","TCGA-86-7955-01",2,0,TRUE,2,0,TRUE,2,0,TRUE,2,0,TRUE,2,0,TRUE,2,0,TRUE,2,0,TRUE,2,0,TRUE
"310","TCGA-86-8054-01",2,1,FALSE,2,1,FALSE,2,1,FALSE,2,1,FALSE,3,1,FALSE,3,1,FALSE,3,1,FALSE,3,1,FALSE
"311","TCGA-86-8055-01",3,0,TRUE,3,0,TRUE,3,0,TRUE,2,0,TRUE,2,0,TRUE,2,0,TRUE,2,0,TRUE,1,0,TRUE
"312","TCGA-86-8056-01",2,2,FALSE,2,2,FALSE,2,2,FALSE,2,0,TRUE,2,1,FALSE,2,1,FALSE,2,1,FALSE,1,0,TRUE
"313","TCGA-86-8073-01",NA,NA,NA,NA,NA,NA,NA,NA,NA,1,0,TRUE,2,1,FALSE,2,1,FALSE,2,1,FALSE,1,0,TRUE
"314","TCGA-86-8074-01",5,0,TRUE,5,0,TRUE,5,0,TRUE,4,0,TRUE,3,0,TRUE,3,0,TRUE,3,0,TRUE,3,0,TRUE
"315","TCGA-86-8075-01",5,1,FALSE,5,1,FALSE,5,1,FALSE,2,0,TRUE,4,1,FALSE,4,1,FALSE,4,1,FALSE,1,0,TRUE
"316","TCGA-86-8076-01",NA,NA,NA,NA,NA,NA,NA,NA,NA,NA,NA,NA,2,1,FALSE,2,1,FALSE,2,1,FALSE,2,1,FALSE
"317","TCGA-86-8278-01",NA,NA,NA,NA,NA,NA,NA,NA,NA,1,0,TRUE,2,1,FALSE,2,1,FALSE,2,1,FALSE,1,0,TRUE
"318","TCGA-86-8279-01",7,1,FALSE,7,1,FALSE,7,1,FALSE,3,0,TRUE,6,1,FALSE,6,1,FALSE,6,1,FALSE,2,0,TRUE
"319","TCGA-86-8280-01",3,1,FALSE,3,1,FALSE,3,1,FALSE,2,0,TRUE,4,1,FALSE,4,1,FALSE,4,1,FALSE,2,0,TRUE
"320","TCGA-86-8281-01",2,1,FALSE,2,1,FALSE,2,1,FALSE,NA,NA,NA,3,1,FALSE,3,1,FALSE,3,1,FALSE,2,1,FALSE
"321","TCGA-86-8358-01",6,0,TRUE,6,0,TRUE,6,0,TRUE,2,0,TRUE,7,0,TRUE,7,0,TRUE,7,0,TRUE,2,0,TRUE
"322","TCGA-86-8359-01",3,0,TRUE,3,0,TRUE,3,0,TRUE,2,1,FALSE,3,0,TRUE,3,0,TRUE,3,0,TRUE,3,1,FALSE
"323","TCGA-86-8585-01",2,0,TRUE,2,0,TRUE,2,0,TRUE,2,0,TRUE,2,0,TRUE,2,0,TRUE,2,0,TRUE,2,0,TRUE
"324","TCGA-86-8668-01",2,2,FALSE,2,2,FALSE,2,2,FALSE,2,0,TRUE,2,1,FALSE,2,1,FALSE,2,1,FALSE,1,0,TRUE
"325","TCGA-86-8669-01",2,2,FALSE,2,2,FALSE,2,2,FALSE,2,1,FALSE,4,2,FALSE,4,2,FALSE,4,2,FALSE,3,1,FALSE
"326","TCGA-86-8671-01",NA,NA,NA,NA,NA,NA,NA,NA,NA,NA,NA,NA,2,0,TRUE,2,0,TRUE,2,0,TRUE,1,0,TRUE
"327","TCGA-86-8672-01",3,1,FALSE,3,1,FALSE,3,1,FALSE,2,0,TRUE,3,0,TRUE,5,1,FALSE,5,1,FALSE,3,0,TRUE
"328","TCGA-86-8673-01",2,0,TRUE,2,0,TRUE,2,0,TRUE,2,0,TRUE,2,0,TRUE,2,0,TRUE,2,0,TRUE,2,0,TRUE
"329","TCGA-86-8674-01",2,1,FALSE,2,1,FALSE,2,1,FALSE,NA,NA,NA,3,1,FALSE,3,1,FALSE,3,1,FALSE,2,1,FALSE
"330","TCGA-86-A456-01",NA,NA,NA,NA,NA,NA,NA,NA,NA,1,0,TRUE,2,1,FALSE,2,1,FALSE,2,1,FALSE,1,0,TRUE
"331","TCGA-86-A4D0-01",NA,NA,NA,NA,NA,NA,NA,NA,NA,NA,NA,NA,3,1,FALSE,3,1,FALSE,3,1,FALSE,2,1,FALSE
"332","TCGA-86-A4JF-01",2,2,FALSE,2,2,FALSE,2,2,FALSE,NA,NA,NA,2,1,FALSE,2,1,FALSE,2,1,FALSE,1,0,TRUE
"333","TCGA-86-A4P7-01",NA,NA,NA,NA,NA,NA,NA,NA,NA,NA,NA,NA,3,1,FALSE,3,1,FALSE,3,1,FALSE,1,0,TRUE
"334","TCGA-86-A4P8-01",NA,NA,NA,NA,NA,NA,NA,NA,NA,NA,NA,NA,2,1,FALSE,2,1,FALSE,2,1,FALSE,2,1,FALSE
"335","TCGA-91-6829-01",3,0,TRUE,3,0,TRUE,3,0,TRUE,2,0,TRUE,3,0,TRUE,3,0,TRUE,3,0,TRUE,2,0,TRUE
"336","TCGA-91-6830-01",NA,NA,NA,NA,NA,NA,NA,NA,NA,NA,NA,NA,2,1,FALSE,2,1,FALSE,2,1,FALSE,2,1,FALSE
"337","TCGA-91-6831-01",3,1,FALSE,3,1,FALSE,3,1,FALSE,2,0,TRUE,4,1,FALSE,4,1,FALSE,4,1,FALSE,2,0,TRUE
"338","TCGA-91-6835-01",NA,NA,NA,NA,NA,NA,NA,NA,NA,1,0,TRUE,3,1,FALSE,3,1,FALSE,3,1,FALSE,1,0,TRUE
"339","TCGA-91-6836-01",2,0,TRUE,2,0,TRUE,2,0,TRUE,2,0,TRUE,2,0,TRUE,2,0,TRUE,2,0,TRUE,2,0,TRUE
"340","TCGA-91-6840-01",3,2,FALSE,3,2,FALSE,3,2,FALSE,2,0,TRUE,5,2,FALSE,5,2,FALSE,5,2,FALSE,2,0,TRUE
"341","TCGA-91-6847-01",2,2,FALSE,2,2,FALSE,2,2,FALSE,2,0,TRUE,5,2,FALSE,5,2,FALSE,5,2,FALSE,2,0,TRUE
"342","TCGA-91-6848-01",3,1,FALSE,3,1,FALSE,3,1,FALSE,3,0,TRUE,3,1,FALSE,3,1,FALSE,3,1,FALSE,2,0,TRUE
"343","TCGA-91-6849-01",NA,NA,NA,NA,NA,NA,NA,NA,NA,NA,NA,NA,2,1,FALSE,2,1,FALSE,2,1,FALSE,2,1,FALSE
"344","TCGA-91-7771-01",3,2,FALSE,3,2,FALSE,3,2,FALSE,2,2,FALSE,2,1,FALSE,2,1,FALSE,2,1,FALSE,1,0,TRUE
"345","TCGA-91-8496-01",NA,NA,NA,NA,NA,NA,NA,NA,NA,NA,NA,NA,2,1,FALSE,2,1,FALSE,2,1,FALSE,2,1,FALSE
"346","TCGA-91-8497-01",NA,NA,NA,NA,NA,NA,NA,NA,NA,NA,NA,NA,2,1,FALSE,2,1,FALSE,2,1,FALSE,2,1,FALSE
"347","TCGA-91-8499-01",2,1,FALSE,2,1,FALSE,2,1,FALSE,3,0,TRUE,3,1,FALSE,3,1,FALSE,3,1,FALSE,3,0,TRUE
"348","TCGA-91-A4BC-01",3,0,TRUE,3,0,TRUE,3,0,TRUE,3,0,TRUE,2,0,TRUE,2,0,TRUE,2,0,TRUE,3,0,TRUE
"349","TCGA-91-A4BD-01",NA,NA,NA,NA,NA,NA,NA,NA,NA,NA,NA,NA,2,1,FALSE,2,1,FALSE,2,1,FALSE,2,1,FALSE
"350","TCGA-93-7347-01",NA,NA,NA,NA,NA,NA,NA,NA,NA,1,0,TRUE,1,0,TRUE,1,0,TRUE,1,0,TRUE,1,0,TRUE
"351","TCGA-93-A4JN-01",2,2,FALSE,2,2,FALSE,2,2,FALSE,2,0,TRUE,5,2,FALSE,5,2,FALSE,5,2,FALSE,2,0,TRUE
"352","TCGA-93-A4JO-01",2,0,TRUE,2,0,TRUE,2,0,TRUE,1,0,TRUE,2,0,TRUE,2,0,TRUE,2,0,TRUE,1,0,TRUE
"353","TCGA-93-A4JQ-01",2,0,TRUE,2,0,TRUE,2,0,TRUE,NA,NA,NA,2,0,TRUE,2,0,TRUE,2,0,TRUE,1,0,TRUE
"354","TCGA-95-7039-01",4,2,FALSE,4,2,FALSE,4,2,FALSE,4,0,TRUE,3,1,FALSE,3,1,FALSE,3,1,FALSE,2,0,TRUE
"355","TCGA-95-7043-01",3,0,TRUE,3,0,TRUE,3,0,TRUE,4,0,TRUE,3,0,TRUE,3,0,TRUE,3,0,TRUE,4,0,TRUE
"356","TCGA-95-7562-01",3,1,FALSE,3,1,FALSE,3,1,FALSE,3,0,TRUE,4,1,FALSE,4,1,FALSE,4,1,FALSE,3,0,TRUE
"357","TCGA-95-7567-01",3,0,TRUE,3,0,TRUE,3,0,TRUE,2,0,TRUE,3,0,TRUE,3,0,TRUE,3,0,TRUE,2,0,TRUE
"358","TCGA-95-7944-01",NA,NA,NA,NA,NA,NA,NA,NA,NA,1,0,TRUE,2,1,FALSE,2,1,FALSE,2,1,FALSE,1,0,TRUE
"359","TCGA-95-7947-01",NA,NA,NA,NA,NA,NA,NA,NA,NA,1,0,TRUE,2,1,FALSE,2,1,FALSE,2,1,FALSE,1,0,TRUE
"360","TCGA-95-8039-01",NA,NA,NA,NA,NA,NA,NA,NA,NA,1,0,TRUE,2,1,FALSE,2,1,FALSE,2,1,FALSE,1,0,TRUE
"361","TCGA-95-8494-01",2,0,TRUE,2,0,TRUE,2,0,TRUE,2,0,TRUE,2,0,TRUE,2,0,TRUE,2,0,TRUE,2,0,TRUE
"362","TCGA-95-A4VK-01",3,0,TRUE,NA,NA,NA,3,0,TRUE,NA,NA,NA,2,1,FALSE,2,1,FALSE,2,1,FALSE,2,1,FALSE
"363","TCGA-95-A4VN-01",5,0,TRUE,6,0,TRUE,5,0,TRUE,NA,NA,NA,3,1,FALSE,3,1,FALSE,3,1,FALSE,1,0,TRUE
"364","TCGA-95-A4VP-01",2,1,FALSE,2,1,FALSE,2,1,FALSE,NA,NA,NA,3,1,FALSE,3,1,FALSE,3,1,FALSE,2,1,FALSE
"365","TCGA-97-7546-01",NA,NA,NA,NA,NA,NA,NA,NA,NA,NA,NA,NA,3,1,FALSE,3,1,FALSE,3,1,FALSE,2,0,TRUE
"366","TCGA-97-7547-01",2,0,TRUE,2,0,TRUE,2,0,TRUE,2,1,FALSE,2,0,TRUE,2,0,TRUE,2,0,TRUE,3,1,FALSE
"367","TCGA-97-7552-01",NA,NA,NA,NA,NA,NA,NA,NA,NA,NA,NA,NA,2,1,FALSE,2,1,FALSE,2,1,FALSE,2,1,FALSE
"368","TCGA-97-7553-01",2,1,FALSE,2,1,FALSE,2,1,FALSE,1,0,TRUE,6,1,FALSE,4,2,FALSE,4,2,FALSE,2,0,TRUE
"369","TCGA-97-7554-01",7,3,FALSE,7,3,FALSE,7,3,FALSE,3,0,TRUE,6,1,FALSE,6,1,FALSE,6,1,FALSE,1,0,TRUE
"370","TCGA-97-7937-01",NA,NA,NA,NA,NA,NA,NA,NA,NA,NA,NA,NA,4,2,FALSE,4,2,FALSE,4,2,FALSE,3,1,FALSE
"371","TCGA-97-7938-01",2,1,FALSE,2,1,FALSE,2,1,FALSE,1,0,TRUE,3,1,FALSE,3,1,FALSE,3,1,FALSE,1,0,TRUE
"372","TCGA-97-7941-01",NA,NA,NA,NA,NA,NA,NA,NA,NA,NA,NA,NA,2,1,FALSE,2,1,FALSE,2,1,FALSE,2,1,FALSE
"373","TCGA-97-8171-01",3,1,FALSE,3,1,FALSE,3,1,FALSE,NA,NA,NA,4,1,FALSE,4,1,FALSE,4,1,FALSE,2,1,FALSE
"374","TCGA-97-8172-01",2,2,FALSE,2,2,FALSE,2,2,FALSE,2,2,FALSE,2,1,FALSE,2,1,FALSE,2,1,FALSE,2,1,FALSE
"375","TCGA-97-8174-01",5,2,FALSE,5,2,FALSE,5,2,FALSE,2,2,FALSE,7,2,FALSE,7,2,FALSE,7,2,FALSE,4,2,FALSE
"376","TCGA-97-8175-01",NA,NA,NA,NA,NA,NA,NA,NA,NA,1,0,TRUE,2,1,FALSE,2,1,FALSE,2,1,FALSE,1,0,TRUE
"377","TCGA-97-8176-01",NA,NA,NA,NA,NA,NA,NA,NA,NA,NA,NA,NA,2,1,FALSE,2,1,FALSE,2,1,FALSE,2,1,FALSE
"378","TCGA-97-8177-01",2,2,FALSE,2,2,FALSE,2,2,FALSE,2,1,FALSE,3,1,FALSE,3,1,FALSE,3,1,FALSE,2,1,FALSE
"379","TCGA-97-8179-01",3,2,FALSE,3,2,FALSE,3,2,FALSE,3,0,TRUE,5,2,FALSE,5,2,FALSE,5,2,FALSE,3,0,TRUE
"380","TCGA-97-8547-01",NA,NA,NA,NA,NA,NA,NA,NA,NA,1,0,TRUE,2,1,FALSE,2,1,FALSE,2,1,FALSE,1,0,TRUE
"381","TCGA-97-8552-01",3,0,TRUE,3,0,TRUE,3,0,TRUE,2,2,FALSE,2,0,TRUE,2,0,TRUE,2,0,TRUE,2,1,FALSE
"382","TCGA-97-A4LX-01",NA,NA,NA,NA,NA,NA,NA,NA,NA,1,0,TRUE,2,1,FALSE,2,1,FALSE,2,1,FALSE,1,0,TRUE
"383","TCGA-97-A4M0-01",2,1,FALSE,2,1,FALSE,2,1,FALSE,2,0,TRUE,3,1,FALSE,3,1,FALSE,3,1,FALSE,2,0,TRUE
"384","TCGA-97-A4M1-01",2,2,FALSE,2,2,FALSE,2,2,FALSE,2,0,TRUE,4,2,FALSE,4,2,FALSE,4,2,FALSE,2,0,TRUE
"385","TCGA-97-A4M2-01",NA,NA,NA,NA,NA,NA,NA,NA,NA,NA,NA,NA,2,0,TRUE,2,0,TRUE,2,0,TRUE,2,1,FALSE
"386","TCGA-97-A4M3-01",NA,NA,NA,NA,NA,NA,NA,NA,NA,NA,NA,NA,2,1,FALSE,2,1,FALSE,2,1,FALSE,2,1,FALSE
"387","TCGA-97-A4M5-01",NA,NA,NA,NA,NA,NA,NA,NA,NA,1,0,TRUE,2,1,FALSE,2,1,FALSE,2,1,FALSE,1,0,TRUE
"388","TCGA-97-A4M6-01",NA,NA,NA,NA,NA,NA,NA,NA,NA,1,0,TRUE,2,1,FALSE,2,1,FALSE,2,1,FALSE,1,0,TRUE
"389","TCGA-97-A4M7-01",NA,NA,NA,NA,NA,NA,NA,NA,NA,NA,NA,NA,3,1,FALSE,3,1,FALSE,3,1,FALSE,2,1,FALSE
"390","TCGA-99-7458-01",NA,NA,NA,NA,NA,NA,NA,NA,NA,1,0,TRUE,2,1,FALSE,2,1,FALSE,2,1,FALSE,1,0,TRUE
"391","TCGA-99-8025-01",5,1,FALSE,3,2,FALSE,3,2,FALSE,2,0,TRUE,6,1,FALSE,4,1,FALSE,4,1,FALSE,2,0,TRUE
"392","TCGA-99-8028-01",NA,NA,NA,NA,NA,NA,NA,NA,NA,NA,NA,NA,2,1,FALSE,2,1,FALSE,2,1,FALSE,2,0,TRUE
"393","TCGA-99-8032-01",2,1,FALSE,2,1,FALSE,2,1,FALSE,2,2,FALSE,2,0,TRUE,2,0,TRUE,2,0,TRUE,3,1,FALSE
"394","TCGA-99-8033-01",2,2,FALSE,2,2,FALSE,2,2,FALSE,2,0,TRUE,4,2,FALSE,4,2,FALSE,4,2,FALSE,2,0,TRUE
"395","TCGA-99-AA5R-01",NA,NA,NA,NA,NA,NA,NA,NA,NA,NA,NA,NA,2,1,FALSE,2,1,FALSE,2,1,FALSE,2,1,FALSE
"396","TCGA-J2-8192-01",2,0,TRUE,2,0,TRUE,2,0,TRUE,NA,NA,NA,2,1,FALSE,2,1,FALSE,2,1,FALSE,1,0,TRUE
"397","TCGA-J2-8194-01",4,2,FALSE,4,2,FALSE,4,2,FALSE,2,1,FALSE,6,2,FALSE,6,2,FALSE,6,2,FALSE,3,1,FALSE
"398","TCGA-J2-A4AD-01",NA,NA,NA,NA,NA,NA,NA,NA,NA,1,0,TRUE,2,1,FALSE,2,1,FALSE,2,1,FALSE,1,0,TRUE
"399","TCGA-J2-A4AE-01",2,1,FALSE,2,1,FALSE,2,1,FALSE,1,0,TRUE,3,1,FALSE,3,1,FALSE,3,1,FALSE,1,0,TRUE
"400","TCGA-J2-A4AG-01",NA,NA,NA,NA,NA,NA,NA,NA,NA,NA,NA,NA,2,1,FALSE,2,1,FALSE,2,1,FALSE,1,0,TRUE
"401","TCGA-L4-A4E5-01",NA,NA,NA,NA,NA,NA,NA,NA,NA,1,0,TRUE,2,1,FALSE,2,1,FALSE,2,1,FALSE,1,0,TRUE
"402","TCGA-L9-A443-01",NA,NA,NA,NA,NA,NA,NA,NA,NA,NA,NA,NA,3,1,FALSE,3,1,FALSE,3,1,FALSE,2,1,FALSE
"403","TCGA-L9-A444-01",2,2,FALSE,2,2,FALSE,2,2,FALSE,2,0,TRUE,3,1,FALSE,4,2,FALSE,4,2,FALSE,2,0,TRUE
"404","TCGA-L9-A50W-01",NA,NA,NA,NA,NA,NA,NA,NA,NA,1,0,TRUE,2,1,FALSE,2,1,FALSE,2,1,FALSE,1,0,TRUE
"405","TCGA-L9-A5IP-01",2,0,TRUE,2,0,TRUE,2,0,TRUE,2,0,TRUE,2,0,TRUE,2,0,TRUE,2,0,TRUE,2,0,TRUE
"406","TCGA-L9-A743-01",4,1,FALSE,4,1,FALSE,4,1,FALSE,3,0,TRUE,2,1,FALSE,2,1,FALSE,2,1,FALSE,1,0,TRUE
"407","TCGA-L9-A7SV-01",3,0,TRUE,3,0,TRUE,3,0,TRUE,2,1,FALSE,3,0,TRUE,3,0,TRUE,3,0,TRUE,3,1,FALSE
"408","TCGA-L9-A8F4-01",2,1,FALSE,2,1,FALSE,2,1,FALSE,2,0,TRUE,2,1,FALSE,2,1,FALSE,2,1,FALSE,1,0,TRUE
"409","TCGA-MN-A4N1-01",2,1,FALSE,2,1,FALSE,2,1,FALSE,3,0,TRUE,2,1,FALSE,2,1,FALSE,2,1,FALSE,2,0,TRUE
"410","TCGA-MN-A4N4-01",3,2,FALSE,3,2,FALSE,3,2,FALSE,3,0,TRUE,3,1,FALSE,3,1,FALSE,3,1,FALSE,1,0,TRUE
"411","TCGA-MN-A4N5-01",2,2,FALSE,2,2,FALSE,2,2,FALSE,2,0,TRUE,4,2,FALSE,4,2,FALSE,4,2,FALSE,2,0,TRUE
"412","TCGA-MP-A4SV-01",2,2,FALSE,2,2,FALSE,2,2,FALSE,2,0,TRUE,3,1,FALSE,3,1,FALSE,3,1,FALSE,2,0,TRUE
"413","TCGA-MP-A4SW-01",NA,NA,NA,NA,NA,NA,NA,NA,NA,NA,NA,NA,2,1,FALSE,2,1,FALSE,2,1,FALSE,2,1,FALSE
"414","TCGA-MP-A4SY-01",NA,NA,NA,NA,NA,NA,NA,NA,NA,NA,NA,NA,2,1,FALSE,2,1,FALSE,2,1,FALSE,1,0,TRUE
"415","TCGA-MP-A4T2-01",2,1,FALSE,2,1,FALSE,2,1,FALSE,3,1,FALSE,1,0,TRUE,1,0,TRUE,1,0,TRUE,2,0,TRUE
"416","TCGA-MP-A4T7-01",2,1,FALSE,2,1,FALSE,2,1,FALSE,2,1,FALSE,3,1,FALSE,3,1,FALSE,3,1,FALSE,3,1,FALSE
"417","TCGA-MP-A4T8-01",2,1,FALSE,2,1,FALSE,2,1,FALSE,2,0,TRUE,3,1,FALSE,3,1,FALSE,3,1,FALSE,2,0,TRUE
"418","TCGA-MP-A4T9-01",2,0,TRUE,2,0,TRUE,2,0,TRUE,3,0,TRUE,2,0,TRUE,2,0,TRUE,2,0,TRUE,3,0,TRUE
"419","TCGA-MP-A4TA-01",NA,NA,NA,NA,NA,NA,NA,NA,NA,1,0,TRUE,2,1,FALSE,2,1,FALSE,2,1,FALSE,1,0,TRUE
"420","TCGA-MP-A4TC-01",1,0,TRUE,1,0,TRUE,1,0,TRUE,1,0,TRUE,2,0,TRUE,2,0,TRUE,2,0,TRUE,3,0,TRUE
"421","TCGA-MP-A4TE-01",2,1,FALSE,2,1,FALSE,2,1,FALSE,NA,NA,NA,3,1,FALSE,3,1,FALSE,3,1,FALSE,2,1,FALSE
"422","TCGA-MP-A4TF-01",5,2,FALSE,5,2,FALSE,5,2,FALSE,3,0,TRUE,7,2,FALSE,7,2,FALSE,7,2,FALSE,3,0,TRUE
"423","TCGA-MP-A4TH-01",NA,NA,NA,NA,NA,NA,NA,NA,NA,2,0,TRUE,2,1,FALSE,2,1,FALSE,2,1,FALSE,2,0,TRUE
"424","TCGA-MP-A4TI-01",NA,NA,NA,NA,NA,NA,NA,NA,NA,1,0,TRUE,1,0,TRUE,1,0,TRUE,1,0,TRUE,1,0,TRUE
"425","TCGA-MP-A4TK-01",2,0,TRUE,2,1,FALSE,2,0,TRUE,2,0,TRUE,2,1,FALSE,2,1,FALSE,2,1,FALSE,2,0,TRUE
"426","TCGA-MP-A5C7-01",2,1,FALSE,2,1,FALSE,2,1,FALSE,NA,NA,NA,3,1,FALSE,3,1,FALSE,3,1,FALSE,2,1,FALSE
"427","TCGA-NJ-A4YF-01",2,1,FALSE,2,1,FALSE,2,1,FALSE,2,0,TRUE,3,1,FALSE,3,1,FALSE,3,1,FALSE,2,0,TRUE
"428","TCGA-NJ-A4YG-01",2,1,FALSE,2,1,FALSE,2,1,FALSE,NA,NA,NA,3,1,FALSE,3,1,FALSE,3,1,FALSE,1,0,TRUE
"429","TCGA-NJ-A4YI-01",2,1,FALSE,2,1,FALSE,2,1,FALSE,2,1,FALSE,3,1,FALSE,3,1,FALSE,3,1,FALSE,3,1,FALSE
"430","TCGA-NJ-A4YP-01",4,2,FALSE,4,2,FALSE,4,2,FALSE,2,2,FALSE,3,1,FALSE,3,1,FALSE,3,1,FALSE,2,1,FALSE
"431","TCGA-NJ-A4YQ-01",1,0,TRUE,1,0,TRUE,1,0,TRUE,1,0,TRUE,1,0,TRUE,1,0,TRUE,1,0,TRUE,1,0,TRUE
"432","TCGA-NJ-A55A-01",NA,NA,NA,NA,NA,NA,NA,NA,NA,NA,NA,NA,3,1,FALSE,3,1,FALSE,3,1,FALSE,2,1,FALSE
"433","TCGA-NJ-A55R-01",2,1,FALSE,2,1,FALSE,2,1,FALSE,2,1,FALSE,2,1,FALSE,2,1,FALSE,2,1,FALSE,2,1,FALSE
"434","TCGA-NJ-A7XG-01",2,2,FALSE,2,2,FALSE,2,2,FALSE,2,2,FALSE,2,1,FALSE,2,1,FALSE,2,1,FALSE,2,1,FALSE
"435","TCGA-O1-A52J-01",3,0,TRUE,3,2,FALSE,3,2,FALSE,2,0,TRUE,2,0,TRUE,5,2,FALSE,5,2,FALSE,2,0,TRUE
"436","TCGA-S2-AA1A-01",NA,NA,NA,NA,NA,NA,NA,NA,NA,NA,NA,NA,2,1,FALSE,2,1,FALSE,2,1,FALSE,2,1,FALSE
"437","TCGA-05-5420-01",NA,NA,NA,NA,NA,NA,NA,NA,NA,1,0,TRUE,2,1,FALSE,2,1,FALSE,2,1,FALSE,1,0,TRUE
"438","TCGA-38-4629-01",2,0,TRUE,2,0,TRUE,2,0,TRUE,2,0,TRUE,2,0,TRUE,2,0,TRUE,2,0,TRUE,2,0,TRUE
"439","TCGA-38-4630-01",NA,NA,NA,NA,NA,NA,NA,NA,NA,1,0,TRUE,2,1,FALSE,2,1,FALSE,2,1,FALSE,1,0,TRUE
"440","TCGA-50-6597-01",2,2,FALSE,2,2,FALSE,2,2,FALSE,2,2,FALSE,3,1,FALSE,3,1,FALSE,3,1,FALSE,3,1,FALSE
"441","TCGA-75-6206-01",3,2,FALSE,3,2,FALSE,3,2,FALSE,2,0,TRUE,4,2,FALSE,4,2,FALSE,4,2,FALSE,2,0,TRUE
"442","TCGA-95-7948-01",3,2,FALSE,3,2,FALSE,3,2,FALSE,2,1,FALSE,5,2,FALSE,5,2,FALSE,5,2,FALSE,3,1,FALSE
